N,Name,Description,2005,2004,2003,2002,2001,2000,1999,1998,1997,1996,1995
1,YEAR,CSS Year,1,1,1,1,1,1,1,1,1,1,1
2,ACE,College I.D.,1,1,1,1,1,1,1,1,1,1,1
3,SUBJID,Subject I.D.,1,1,1,1,1,1,1,1,1,1,1
4,STUID,Student I.D. as entered on form,0,0,0,0,0,0,0,0,0,0,0
5,INSTTYPE,Institutional Type,1,1,1,1,1,1,1,1,1,1,1
6,INSTCONT,INSTITUTIONAL CONTROL,1,1,1,1,1,1,1,1,1,1,1
7,REL,Religious Affiliation,1,1,1,1,1,1,1,1,1,1,1
8,HBCU,Historically Black College or University,1,1,1,1,1,1,1,1,1,1,1
9,HBCU2,Historically Black College or University 2,1,1,1,1,1,1,1,1,1,1,1
10,STRAT,CIRP Stratification Cell,1,1,1,1,1,1,1,1,1,1,1
11,COMPGROUP1,Comparison Group 1,1,1,1,1,1,1,1,1,1,1,1
12,COMPGROUP2,Comparison Group 2,1,1,1,1,1,1,1,1,1,1,1
13,COMPGROUP3,Comparison Group 3,1,1,1,1,1,1,1,1,1,1,1
14,OBEREG,OBE region code,1,1,1,1,1,1,1,1,1,1,1
15,HERIREG,HERI Region,1,1,1,1,1,1,1,1,1,1,1
16,INSTSEX,Institution's sex,1,1,1,1,1,1,1,1,1,1,1
17,NORMSTAT,CSS Graduating Senior Status,1,1,1,1,1,1,1,1,1,1,1
18,OLDNORMSTAT,Record in CSS Brief,0,0,0,0,0,0,0,0,0,0,0
19,CURRENROLL,Are you currently a student at (institution name)?,0,0,0,0,0,0,0,0,0,0,0
20,GENDERIDENTITY,What is your current gender identity?,0,0,0,0,0,0,0,0,0,0,0
21,SEX,Your sex:,1,1,1,1,1,1,1,1,1,1,1
22,SEXIMP,Sex imputed,0,0,0,0,0,0,0,0,0,0,0
23,NATENGSP,Is English your native language?,1,1,1,1,1,1,1,1,1,1,1
24,VETERAN,Are you a veteran?,0,0,0,0,0,0,0,0,0,0,0
25,SRELIGION,Your current religious preference,1,1,1,1,1,1,1,1,1,1,1
26,BORNAGAIN,Do you consider yourself a born-again Christian?,0,0,0,0,1,1,0,0,0,0,0
27,RACE1,White/Caucasian,1,1,1,1,1,1,1,1,1,1,1
28,RACE2,African American/Black,1,1,1,1,1,1,1,1,1,1,1
29,RACE3,American Indian/Alaska Native,1,1,1,1,1,1,1,1,1,1,1
30,RACE4,Asian,1,1,1,1,1,1,1,1,1,1,1
31,RACE5,Native Hawaiian/Pacific Islander,1,1,1,1,1,1,1,1,1,1,1
32,RACE6,Mexican American/Chicana/o/x,1,1,1,1,1,1,1,1,1,1,1
33,RACE7,Puerto Rican,1,1,1,1,1,1,1,1,1,1,1
34,RACE8,Other Latina/o/x,1,1,1,1,1,1,1,1,1,1,1
35,RACE9,Other,1,1,1,1,1,1,1,1,1,1,1
36,RACE10,"East Asian (e.g., Chinese, Japanese, Korean, Taiwanese)",1,0,1,1,1,1,1,1,1,1,1
37,RACE11,Filipina/o/x,1,0,1,1,1,1,1,1,1,1,1
38,RACE12,"Southeast Asian (e.g., Cambodian, Vietnamese, Hmong)",1,0,1,1,1,1,1,1,1,1,1
39,RACE13,"South Asian (e.g., Indian, Pakistani, Nepalese, Sri Lankan)",1,0,1,1,1,1,1,1,1,1,1
40,RACE14,Other Asian,1,0,1,1,1,1,1,1,1,1,1
41,RACE15,South American,1,0,1,1,1,1,1,1,1,1,1
42,RRACE,Responded to Race Question,1,1,1,1,1,1,1,1,1,1,1
43,RACEGROUP,Race/Ethnicity Group,1,1,1,1,1,1,1,1,1,1,1
44,MAJOR1_9415,Undergraduate primary major,0,0,0,0,0,0,0,0,0,0,0
45,MAJOR2_9415,Undergraduate secondary major (omit if you do not have a secondary major),0,0,0,0,0,0,0,0,0,0,0
46,GRADMAJOR_9415,Graduate major (omit if you do not plan to go to graduate school),0,0,0,0,0,0,0,0,0,0,0
47,MAJOR1A_9415,Primary undergraduate major 1 aggregated (1994-2015),1,1,1,1,1,1,1,1,1,1,1
48,MAJOR2A_9415,Primary undergraduate major 2 aggregated (1994-2015),0,0,0,0,0,0,0,0,0,0,0
49,GRADMAJORA_9415,Planned graduate major aggregated (1994-2015),1,1,1,1,1,1,1,1,1,1,1
50,MAJOR1,Undergraduate primary major,0,0,0,0,0,0,0,0,0,0,0
51,MAJOR2,Undergraduate secondary major (omit if you do not have a secondary major),0,0,0,0,0,0,0,0,0,0,0
52,GRADMAJOR,Graduate major (omit if you do not plan to go to graduate school),0,0,0,0,0,0,0,0,0,0,0
53,MAJOR1A,Primary undergraduate major 1 aggregated,0,0,0,0,0,0,0,0,0,0,0
54,MAJOR2A,Primary undergraduate major 2 aggregated,0,0,0,0,0,0,0,0,0,0,0
55,GRADMAJORA,Planned graduate major aggregated,0,0,0,0,0,0,0,0,0,0,0
56,CAREER,Please mark your probable career/occupation,0,0,0,0,0,0,0,0,0,0,0
57,CAREER_9416,Please mark your probable career/occupation (1994-2016),0,0,0,0,0,0,0,0,0,0,0
58,CAREERA_9416,Aggregated Career_9416 (1994-2016),1,1,1,1,1,1,1,1,1,1,1
59,CAREERA,Aggregated Career,0,0,0,0,0,0,0,0,0,0,0
60,ENTER1ST,What year did you first enter your first college?,1,1,1,1,1,1,1,1,1,1,1
61,ENTERCUR,What year did you first enter this college?,1,1,1,1,1,1,1,1,1,1,1
62,ENROLL,Please indicate your enrollment status below:,0,0,0,0,0,0,0,0,0,0,0
63,ENROLL_0006,Enrollment status,1,1,1,1,1,1,0,0,0,0,0
64,ENROLL_9499,Enrollment status,0,0,0,0,0,0,1,1,1,1,1
65,GRADDATE,Expected graduation date:,0,0,0,0,0,0,0,0,0,0,0
66,EMPLPLAN,"If you are planning on being employed after graduation, which best describes the current state of your employment plans?",0,0,0,0,0,0,0,0,0,0,0
67,GRADPLAN,"If you are planning to attend graduate or professional school, which of the following best estimates the current state of your educational plans?",0,0,0,0,0,0,0,0,0,0,0
68,REENROLL,"If you could make your college choice over, would you still choose to enroll at your current college?",0,0,0,0,0,0,0,0,0,0,0
69,REENROLL_9406,"If you could make your college choice over, would you still choose to enroll at your current college?",1,1,1,1,1,1,1,1,1,1,1
70,DRINK,"Think back over the past two weeks. How many times in the past two weeks, if any, have you had five or more alcoholic drinks in a row?",0,0,0,0,0,0,0,0,0,0,0
71,POLIVIEW,How would you characterize your political views?,1,1,1,1,1,1,1,1,1,1,1
72,COLLGPA,Overall GPA,0,0,0,0,0,0,0,0,0,0,0
73,COLLGPA_9406,Undergraduate GPA,1,1,1,1,1,1,1,1,1,1,1
74,MAJORGPA,Primary major GPA,0,0,0,0,0,0,0,0,0,0,0
75,DEGEARN,Please indicate the highest degree you will have earned as of June,1,1,1,1,1,1,1,1,1,1,1
76,DEGASP,Please indicate the highest degree you plan to complete,1,1,1,1,1,1,1,1,1,1,1
77,LOANAMT,"If you borrowed money to help pay for college expenses, estimate how much you will owe as of June 30, 2019",0,0,0,0,0,0,0,0,0,0,0
78,AID1,"Aid: Family resources (parents, relatives, spouse, etc.)",0,0,0,0,0,0,0,0,0,0,0
79,AID2,"Aid: My own resources (income from work, work-study, etc.)",0,0,0,0,0,0,0,0,0,0,0
80,AID3,"Aid: Aid which need not be repaid (grants, scholarships, military, etc.)",0,0,0,0,0,0,0,0,0,0,0
81,AID4,"Aid: Aid which must be repaid (loans, etc.)",0,0,0,0,0,0,0,0,0,0,0
82,AID5,Aid: Other sources,0,0,0,0,0,0,0,0,0,0,0
83,GREV,GRE Verbal,0,0,0,0,0,0,0,0,0,0,0
84,GREQ,GRE Quantitative,0,0,0,0,0,0,0,0,0,0,0
85,LSAT,LSAT,0,0,0,0,0,0,0,0,0,0,0
86,MCAT,MCAT,0,0,0,0,0,0,0,0,0,0,0
87,GMAT,GMAT,0,0,0,0,0,0,0,0,0,0,0
88,OTHERINST,"Since entering college, have you ever taken courses, whether for credit or not for credit, at any other institution (e.g., university, 4- or 2-year college, technical, vocational, or business school)?",0,0,0,0,0,0,0,0,0,0,0
89,FRACE1,Father: White,0,0,0,1,0,0,0,0,0,0,0
90,FRACE2,Father: Black,0,0,0,1,0,0,0,0,0,0,0
91,FRACE3,Father: American Indian,0,0,0,1,0,0,0,0,0,0,0
92,FRACE4,Father: Asian,0,0,0,1,0,0,0,0,0,0,0
93,FRACE5,Father: Native Hawaiian/Pacific Islander,0,0,0,1,0,0,0,0,0,0,0
94,FRACE6,Father: Mexican American/Chicano,0,0,0,1,0,0,0,0,0,0,0
95,FRACE7,Father: Puerto Rican,0,0,0,1,0,0,0,0,0,0,0
96,FRACE8,Father: Other Latino,0,0,0,1,0,0,0,0,0,0,0
97,FRACE9,Father: Other,0,0,0,1,0,0,0,0,0,0,0
98,MRACE1,Mother: White,0,0,0,1,0,0,0,0,0,0,0
99,MRACE2,Mother: Black,0,0,0,1,0,0,0,0,0,0,0
100,MRACE3,Mother: American Indian,0,0,0,1,0,0,0,0,0,0,0
101,MRACE4,Mother: Asian,0,0,0,1,0,0,0,0,0,0,0
102,MRACE5,Mother: Native Hawaiian/Pacific Islander,0,0,0,1,0,0,0,0,0,0,0
103,MRACE6,Mother: Mexican American/Chicano,0,0,0,1,0,0,0,0,0,0,0
104,MRACE7,Mother: Puerto Rican,0,0,0,1,0,0,0,0,0,0,0
105,MRACE8,Mother: Other Latino,0,0,0,1,0,0,0,0,0,0,0
106,MRACE9,Mother: Other,0,0,0,1,0,0,0,0,0,0,0
107,PERMIT,Do you give the higher education research institute (HERI) permission to include your id number should your college request the data for additional research analyses?,1,1,1,1,1,1,1,1,1,1,1
108,ACT01,Act: Accessed your campus library resources electronically,0,0,0,0,0,0,0,0,0,0,0
109,ACT02,Act: Asked a professor for advice after class,0,0,0,0,0,0,0,0,0,0,0
110,ACT03,Act: Asked a professor for advice outside of class,0,0,0,0,0,0,0,0,0,0,0
111,ACT04,Act: Came late to class,1,0,0,0,0,0,0,0,0,0,0
112,ACT05,Act: Challenged a professors ideas in class,0,0,0,1,1,1,1,1,1,1,1
113,ACT06,Act: Communicated regularly with your professors,0,0,0,0,0,0,0,0,0,0,0
114,ACT07,Act: Contested a grade,0,0,0,0,0,0,0,0,0,0,0
115,ACT08,Act: Contributed to class discussions,0,0,0,0,0,0,0,0,0,0,0
116,ACT09,"Act: Demonstrated for a cause (e.g., boycott, rally, protest)",0,0,0,0,0,0,0,0,0,0,0
117,ACT10,Act: Demonstrated for/against a war,0,0,0,0,0,0,0,0,0,0,0
118,ACT11,Act: Did extra (unassigned) work for a course,0,0,0,0,0,1,1,1,1,1,1
119,ACT12,Act: Did not have time to study due to family responsibilities,1,1,1,0,0,0,0,0,0,0,0
120,ACT13,Act: Did not have time to study due to job responsibilities,1,1,1,0,0,0,0,0,0,0,0
121,ACT14,Act: Discussed course content with students outside of class,1,1,1,1,1,1,1,1,1,1,1
122,ACT15,Act: Discussed the 9/11 terrorist attacks in class,1,0,0,0,0,0,0,0,0,0,0
123,ACT16,Act: Failed to complete homework on time,1,1,1,1,1,1,1,1,1,1,1
124,ACT17,Act: Fell asleep in class,1,0,0,0,0,0,0,0,0,0,0
125,ACT18,Act: Felt discriminated against by faculty,0,0,0,0,0,0,1,0,0,0,0
126,ACT19,Act: Felt discriminated against by students,0,0,0,0,0,0,1,0,0,0,0
127,ACT20,Act: Felt faculty took a personal interest in your progress,0,0,0,0,0,0,0,1,0,0,0
128,ACT21,Act: Felt family support to succeed,0,0,0,0,0,0,0,0,0,0,0
129,ACT22,Act: Felt intimidated by your professors,0,0,0,0,0,0,0,0,0,0,0
130,ACT23,Act: Felt isolated from campus life,0,0,0,0,0,0,0,0,0,0,0
131,ACT24,Act: Felt like leaving college,0,0,0,0,0,0,0,0,0,0,0
132,ACT25,Act: Felt my comments were not taken seriously by a faculty member,0,0,0,0,0,0,0,0,0,0,0
133,ACT26,Act: Felt Supported by My Family,0,0,0,1,0,0,0,0,0,0,0
134,ACT27,Act: Felt your comments were not taken seriously by faculty,0,0,0,0,1,1,1,1,0,0,0
135,ACT28,Act: Had difficulty getting the courses you needed,1,0,0,0,0,0,0,0,0,0,0
136,ACT29,Act: Had faculty take a personal interest in my progress,0,0,0,0,0,0,0,0,0,0,0
137,ACT30,Act: Had instruction that supplemented course work,0,0,0,0,0,0,0,0,0,0,0
138,ACT31,Act: Have been a guest in professor's home,1,1,1,1,1,1,1,1,1,1,1
139,ACT32,Act: Felt bored in class,1,1,1,1,1,1,1,1,1,1,1
140,ACT33,Act: Helped raise money for a cause or campaign,0,0,0,0,0,0,0,0,0,0,0
141,ACT34,Act: Interacted with graduate students/TAs,0,0,0,0,0,0,0,0,0,0,0
142,ACT35,Act: Made a presentation in class,0,0,0,0,0,0,0,0,0,0,0
143,ACT36,Act: Met with an advisor/counselor about your career plans,1,0,0,0,0,0,0,0,0,0,0
144,ACT37,Act: Met with Faculty During Office Hours,0,1,1,0,0,0,0,0,0,0,0
145,ACT38,Act: Met with Faculty Outside Class or Office Hours,0,1,1,0,0,0,0,0,0,0,0
146,ACT39,Act: Missed classes due to illness,0,0,0,0,0,0,0,0,0,0,0
147,ACT40,Act: Missed Class Due to employment,1,1,1,1,1,1,0,0,0,0,0
148,ACT41,Act: Missed class for other reasons,0,0,0,0,0,0,0,0,0,0,0
149,ACT42,Act: Observed professors actively engaging students during class,0,0,0,0,0,0,0,0,0,0,0
150,ACT43,Act: Overslept and missed a class or appointment,0,0,0,0,0,0,0,0,0,0,1
151,ACT44,Act: Overslept and missed class or appointment,1,0,0,0,0,0,0,0,0,0,0
152,ACT45,Act: Participated in a campus activity commemorating the victims of 9/11,1,0,0,0,0,0,0,0,0,0,0
153,ACT46,Act: Participated in intramural sports,1,1,1,1,1,1,1,1,1,1,1
154,ACT47,Act: Participated in protests against the war,1,0,0,0,0,0,0,0,0,0,0
155,ACT48,Act: Performed community service as part of a class,1,0,0,0,0,0,0,0,0,0,0
156,ACT49,Act: Played a musical instrument,0,0,0,0,0,0,0,0,0,0,0
157,ACT50,"Act: Publicly communicated your opinion about a cause (e.g., blog, email, petition)",0,0,0,0,0,0,0,0,0,0,0
158,ACT51,Act: Received course assignments electronically,0,0,0,0,0,0,0,0,0,0,0
159,ACT52,Act: Received course assignments through the internet,1,1,1,1,1,1,1,0,0,0,0
160,ACT53,Act: Slept 8 or more hours a day,0,0,0,0,0,0,0,0,0,0,0
161,ACT54,Act: Studied in the library,0,0,0,0,0,0,0,0,0,0,1
162,ACT55,Act: Studied with other students,1,1,1,1,1,1,1,1,1,1,1
163,ACT56,Act: Took a class that required multiple short papers,0,0,0,0,0,0,0,0,0,0,0
164,ACT57,Act: Took a class that required one or more 10+ page papers,0,0,0,0,0,0,0,0,0,0,0
165,ACT58,Act: Took interdisciplinary courses,1,1,1,1,1,1,1,1,1,1,1
166,ACT59,Act: Turned in course assignments electronically,1,1,1,1,1,1,1,0,0,0,0
167,ACT60,Act: Tutored Another College Student,1,1,1,1,0,0,0,0,0,0,0
168,ACT61,Act: Tutored another student,0,0,0,0,0,0,0,0,0,0,1
169,ACT62,Act: Used the Internet for research or homework,1,1,0,0,0,0,0,0,0,0,0
170,ACT63,Act: Used the Internet to blog,0,0,0,0,0,0,0,0,0,0,0
171,ACT64,Act: Used the Internet to read blogs,0,0,0,0,0,0,0,0,0,0,0
172,ACT65,Act: Used the Internet to read news sites,0,0,0,0,0,0,0,0,0,0,0
173,ACT66,Act: Used the library for research or homework,1,0,0,0,0,0,0,0,0,0,0
174,ACT67,Act: Used/purchased class notes from a professional service,0,0,0,0,0,0,0,0,0,0,0
175,ACT68,Act: Visited an art gallery or museum,0,0,0,0,0,0,0,0,0,0,0
176,ACT69,Act: Voted in a state/national election,1,0,0,0,0,0,0,0,0,0,0
177,ACT70,Act: Voted in a student election,1,1,1,1,1,1,1,1,1,1,0
178,ACT71,Act: Were graded on a curve,0,0,0,0,0,0,0,0,0,0,0
179,ACT72,"Act: Worked on a local, state, or national campaign",1,0,0,0,0,0,0,0,0,0,0
180,ACT73,Act: Worked on a professor's research project,0,0,0,0,0,0,0,0,0,0,0
181,ACT74,Act: Worked on group projects in class,0,0,1,1,1,1,1,1,1,1,1
182,ACT75,Act: Worked on independent study projects,1,1,1,1,1,1,1,1,1,1,1
183,ACT76,Act: Worked with classmates on group projects during class,0,0,0,0,0,0,0,0,0,0,0
184,ACT77,Act: Worked with classmates on group projects outside of class,0,0,0,0,0,0,0,0,0,0,0
185,ACT78,Act: Posted on a course-related online discussion board,0,0,0,0,0,0,0,0,0,0,0
186,ACT79,Act: Texted or used social media during class,0,0,0,0,0,0,0,0,0,0,0
187,ACT80,Act: Socialized with someone of a different sexual orientation,0,0,0,0,0,0,0,0,0,0,0
188,BILLABLE,Include in reporting and billing,0,0,0,0,0,0,0,0,0,0,0
189,CARCON01,Career Concern: Availability of jobs,0,0,0,0,0,0,0,0,0,0,0
190,CARCON02,Career Concern: Creativity and initiative,0,0,0,0,0,0,0,0,0,0,0
191,CARCON03,Career Concern: Discovery/enhancement of knowledge,0,0,0,0,0,0,0,0,0,0,0
192,CARCON04,Career Concern: Expression of personal values,0,0,0,0,0,0,0,0,0,0,0
193,CARCON05,Career Concern: High income potential,0,0,0,0,0,0,0,0,0,0,0
194,CARCON06,Career Concern: Leadership potential,0,0,0,0,0,0,0,0,0,0,0
195,CARCON07,Career Concern: Limited working hours,0,0,0,0,0,0,0,0,0,0,0
196,CARCON08,Career Concern: Social recognition or status,0,0,0,0,0,0,0,0,0,0,0
197,CARCON09,"Career Concern: Stable, secure future",0,0,0,0,0,0,0,0,0,0,0
198,CARCON10,Career Concern: Work/life balance,0,0,0,0,0,0,0,0,0,0,0
199,CARCON11,Career Concern: Working for social change,0,0,0,0,0,0,0,0,0,0,0
200,CARCON12,Career Concern: Ability to pay off debt,0,0,0,0,0,0,0,0,0,0,0
201,CARCON13,Career Concern: Opportunity for innovation,0,0,0,0,0,0,0,0,0,0,0
202,CARCON14,Career Concern: Connection to college major,0,0,0,0,0,0,0,0,0,0,0
203,CLIMATE1,Climate: Friendly/Hostile,0,0,0,0,0,0,0,0,0,0,0
204,CLIMATE2,Climate: Socially Inclusive/Socially Exclusive,0,0,0,0,0,0,0,0,0,0,0
205,CLIMATE3,Climate: Intolerant of Diversity/Accepting of Diversity,0,0,0,0,0,0,0,0,0,0,0
206,CLIMATE4,Climate: Nonsexist/Sexist,0,0,0,0,0,0,0,0,0,0,0
207,CLIMATE5,Climate: Individualistic/Conformist,0,0,0,0,0,0,0,0,0,0,0
208,CLIMATE6,Climate: Impersonal/Caring,0,0,0,0,0,0,0,0,0,0,0
209,CLIMATE7,Climate: Improving/Worsening,0,0,0,0,0,0,0,0,0,0,0
210,CLIMATE8,Climate: Conservative/Liberal,0,0,0,0,0,0,0,0,0,0,0
211,CLIMATE9,Climate: Non-homophobic/Homophobic,0,0,0,0,0,0,0,0,0,0,0
212,CMPSAT01,Campus Satisfaction: Ability to find a faculty or staff mentor,0,0,0,0,0,0,0,0,0,0,0
213,CMPSAT02,Campus Satisfaction: Amount of contact with faculty,0,0,0,0,0,0,0,0,0,0,0
214,CMPSAT03,Campus Satisfaction: Availability of campus social activities,0,0,0,0,0,0,0,0,0,0,0
215,CMPSAT04,Campus Satisfaction: Class size,0,0,0,0,0,0,0,0,0,0,0
216,CMPSAT05,Campus Satisfaction: Courses in your major field,0,0,0,0,0,0,0,0,0,0,0
217,CMPSAT06,Campus Satisfaction: Interaction with other students,0,0,0,0,0,0,0,0,0,0,0
218,CMPSAT07,Campus Satisfaction: Overall college experience,0,0,0,0,0,0,0,0,0,0,0
219,CMPSAT08,Campus Satisfaction: Overall quality of instruction,0,0,0,0,0,0,0,0,0,0,0
220,CMPSAT09,Campus Satisfaction: Overall sense of community among students,0,0,0,0,0,0,0,0,0,0,0
221,CMPSAT10,Campus Satisfaction: Racial/ethnic diversity of the student body,0,0,0,0,0,0,0,0,0,0,0
222,CMPSAT11,Campus Satisfaction: Relevance of coursework to everyday life,0,0,0,0,0,0,0,0,0,0,0
223,CMPSAT12,Campus Satisfaction: Relevance of coursework to career plans,0,0,0,0,0,0,0,0,0,0,0
224,CMPSAT13,Campus Satisfaction: Respect for the expression of diverse beliefs,0,0,0,0,0,0,0,0,0,0,0
225,CMPSAT14,Campus Satisfaction: Size of student population,0,0,0,0,0,0,0,0,0,0,0
226,CMPSAT15,Campus Satisfaction: Racial/ethnic diversity of the faculty,0,0,0,0,0,0,0,0,0,0,0
227,COLACT01,Act in College: Attended a racial/cultural awareness workshop,0,0,0,0,0,0,0,0,0,0,0
228,COLACT02,Act in College: Held a leadership position in an organization,0,0,0,0,0,0,0,0,0,0,0
229,COLACT03,"Act in College: Completed a culminating experience for your degree (e.g., capstone course/project, thesis, comp exam)",0,0,0,0,0,0,0,0,0,0,0
230,COLACT04,Act in College: Enrolled in honors or advanced courses,0,0,0,0,0,0,0,0,0,0,0
231,COLACT05,Act in College: Failed one or more courses,0,0,0,0,0,0,0,0,0,0,0
232,COLACT06,Act in College: Had a roommate of a different race/ethnicity,0,0,0,0,0,0,0,0,0,0,0
233,COLACT07,Act in College: Held a full-time job (approx. 40 hours) while taking classes,0,0,0,0,0,0,0,0,0,0,0
234,COLACT08,Act in College: Joined a club or organization related to your major,0,0,0,0,0,0,0,0,0,0,0
235,COLACT09,Act in College: Joined a social fraternity or sorority,0,0,0,0,0,0,0,0,0,0,0
236,COLACT10,Act in College: Participated in a program to prepare for graduate school,0,0,0,0,0,0,0,0,0,0,0
237,COLACT11,Act in College: Participated in: Study abroad,0,0,0,0,0,0,0,0,0,0,0
238,COLACT12,Act in College: Participated in an academic program for racial/ethnic minorities,0,0,0,0,0,0,0,0,0,0,0
239,COLACT13,Act in College: Participated in an academic support program,0,0,0,0,0,0,0,0,0,0,0
240,COLACT14,Act in College: Participated in: An ethnic/racial student organization,0,0,0,0,0,0,0,0,0,0,0
241,COLACT15,Act in College: Participated in: An internship program,0,0,0,0,0,0,0,0,0,0,0
242,COLACT16,Act in College: Participated in: An undergraduate research program,0,0,0,0,0,0,0,0,0,0,0
243,COLACT17,Act in College: Participated in: Leadership training,0,0,0,0,0,0,0,0,0,0,0
244,COLACT18,Act in College: Participated in student clubs/groups,0,0,0,0,0,0,0,0,0,0,0
245,COLACT19,Act in College: Participated in: Student government,0,0,0,0,0,0,0,0,0,0,0
246,COLACT20,"Act in College: Played club, intramural, or recreational sports",0,0,0,0,0,0,0,0,0,0,0
247,COLACT21,"Act in College: Played intercollegiate athletics (e.g., NCAA or NAIA-sponsored)",0,0,0,0,0,0,0,0,0,0,0
248,COLACT22,Act in College: Presented research at a conference,0,0,0,0,0,0,0,0,0,0,0
249,COLACT23,Act in College: Taken a remedial course,0,0,0,0,0,0,0,0,0,0,0
250,COLACT24,Act in College: Taken a womens studies course,0,0,0,0,0,0,0,0,0,0,0
251,COLACT25,Act in College: Taken an ethnic studies course,0,0,0,0,0,0,0,0,0,0,0
252,COLACT26,Act in College: Taken courses for credit at another institution,0,0,0,0,0,0,0,0,0,0,0
253,COLACT27,Act in College: Transferred from a 4-year college,0,0,0,0,0,0,0,0,0,0,0
254,COLACT28,Act in College: Transferred from a 2-year college,0,0,0,0,0,0,0,0,0,0,0
255,COLACT29,"Act in College: Voted in a national, state, or local election",0,0,0,0,0,0,0,0,0,0,0
256,COLACT30,Act in College: Withdrawn from school temporarily,0,0,0,0,0,0,0,0,0,0,0
257,COLACT31,Act in College: Worked full-time while attending school,0,0,0,0,0,0,0,0,0,0,0
258,COLACT32,Act in College: Taken an honors course,0,0,0,0,0,0,0,0,0,0,0
259,COLACT33,Act in College: Taken a reduced course load,0,0,0,0,0,0,0,0,0,0,0
260,COLACT34,Act in College: Joined a student-run political club,0,0,0,0,0,0,0,0,0,0,0
261,COLACT35,Act in College: Taken courses from more than one institution simultaneously,0,0,0,0,0,0,0,0,0,0,0
262,COLACT36,Act in College: Taken a course exclusively online,0,0,0,0,0,0,0,0,0,0,0
263,COLACT37,Act in College: Taken a course exclusively online at a different institution,0,0,0,0,0,0,0,0,0,0,0
264,COLACT38,Act in College: Participated in an entrepreneurship program/club,0,0,0,0,0,0,0,0,0,0,0
265,COLACT39,Act in College: Joined a pre-professional or departmental club,0,0,0,0,0,0,0,0,0,0,0
266,COLACT40,Act in College: Participated in: An LGBTQ+ student organization,0,0,0,0,0,0,0,0,0,0,0
267,COLACT41,"Act in College: Participated in a campus program that promotes STEM careers (e.g. BUILD, MARC, HHMI, S-STEM)",0,0,0,0,0,0,0,0,0,0,0
268,COLACT42,Act in College: Found a faculty or staff mentor,0,0,0,0,0,0,0,0,0,0,0
269,COLACT43,Act in College: Been homeless for at least one month,0,0,0,0,0,0,0,0,0,0,0
270,COLACT44,Act in College: Participated in: A womens advocacy group,0,0,0,0,0,0,0,0,0,0,0
271,COLACT45,Act in College: Been placed on academic probation,0,0,0,0,0,0,0,0,0,0,0
272,COLACT46,Act in College: Been homeless for one month or more,0,0,0,0,0,0,0,0,0,0,0
273,COMPUSE01,Computer: Communicate via e-mail with faculty at this college,0,0,0,1,1,1,1,0,0,0,0
274,COMPUSE02,Computer: Communicate via e-mail with students at this college,0,0,0,1,1,1,1,0,0,0,0
275,COMPUSE03,Computer: Communicate via e-mail with faculty at other colleges,0,0,0,1,1,1,1,0,0,0,0
276,COMPUSE04,Computer: Communicate via e-mail with other friends or acquaintances,0,0,0,1,1,1,1,0,0,0,0
277,COMPUSE05,Computer: Communicate via e-mail with your family,0,0,0,1,1,1,0,0,0,0,0
278,COMPUSE06,Computer: Participate in class discussions via email/internet,0,0,0,1,1,1,0,0,0,0,0
279,COMPUSE07,Computer: Use the internet for research or homework,0,0,0,1,1,1,1,0,0,0,0
280,COMPUSE08,Computer: Use the internet for nonacademic reasons,0,0,0,1,1,1,0,0,0,0,0
281,COMPUSE09,Computer: Communicate via e-mail with students at other colleges,0,0,0,0,0,0,1,0,0,0,0
282,COMPUSE10,Computer: Communicate via e-mail with family,0,0,0,0,0,0,1,0,0,0,0
283,COMPUSE11,Computer: Participate in an academic listserv,0,0,0,0,0,0,1,0,0,0,0
284,COMPUSE12,Computer: Participate in electronic chat rooms,0,0,0,0,0,0,1,0,0,0,0
285,COMPUSE13,Computer: Other Internet use,0,0,0,0,0,0,1,0,0,0,0
286,COMPUTER,Do you own a personal computer,0,1,1,1,1,1,0,0,0,0,0
287,CONTRIB01,Contribution: Knowledge of a particular field or discipline,0,0,0,0,0,0,0,0,0,0,0
288,CONTRIB02,Contribution: Knowledge of people from different races/cultures,0,0,0,0,0,0,0,0,0,0,0
289,CONTRIB03,Contribution: Understanding of global issues,0,0,0,0,0,0,0,0,0,0,0
290,CONTRIB04,Contribution: Understanding of national issues,0,0,0,0,0,0,0,0,0,0,0
291,CONTRIB05,Contribution: Understanding of the problems facing my community,0,0,0,0,0,0,0,0,0,0,0
292,CONTRIB07,Contribution: Problem-solving skills,0,0,0,0,0,0,0,0,0,0,0
293,CONTRIB08,Contribution: Foreign language ability,0,0,0,0,0,0,0,0,0,0,0
294,CONTRIB09,Contribution: Interpersonal skills,0,0,0,0,0,0,0,0,0,0,0
295,CONTRIB10,Contribution: Preparedness for employment after college,0,0,0,0,0,0,0,0,0,0,0
296,CONTRIB11,Contribution: Preparedness for graduate or advanced education,0,0,0,0,0,0,0,0,0,0,0
297,CONTRIB12,Contribution: Ability to conduct research,0,0,0,0,0,0,0,0,0,0,0
298,CONTRIB13,Contribution: Ability to work as part of a team,0,0,0,0,0,0,0,0,0,0,0
299,CONTRIB14,"Contribution: Intellectual and practical skills (including inquiry and analysis, critical thinking, and information literacy)",0,0,0,0,0,0,0,0,0,0,0
300,CONTRIB15,Contribution: Critical thinking skills,0,0,0,0,0,0,0,0,0,0,0
301,CRDEBT,Roughly how much credit card debt do you carry on a monthly basis?,0,0,0,0,0,0,0,0,0,0,0
302,CSSFLAG,TFS YFCY CSS Flag,1,1,1,1,1,1,1,1,1,1,1
303,CSV,"Since entering college, have you performed any community/volunteer service?",0,0,0,0,0,0,0,1,0,0,0
304,CSVACT1,Community Service: Tutoring/teaching,0,0,0,0,0,0,0,0,1,0,0
305,CSVACT2,Community Service: Educational counseling/mentoring,0,0,0,0,0,0,0,0,1,0,0
306,CSVACT3,Community Service: Personal counseling/mentoring,0,0,0,0,0,0,0,0,1,0,0
307,CSVACT4,Community Service: Providing childcare,0,0,0,0,0,0,0,0,1,0,0
308,CSVACT5,Community Service: Providing homeless/shelter support,0,0,0,0,0,0,0,0,1,0,0
309,CSVACT6,"Community Service: Public safety (e.g., crime prevention)",0,0,0,0,0,0,0,0,1,0,0
310,CSVACT7,Community Service: Community cleanup/rebuilding,0,0,0,0,0,0,0,0,1,0,0
311,CSVACT8,"Community Service: Conservation activities (e.g., recycling)",0,0,0,0,0,0,0,0,1,0,0
312,CSVACT9,Community Service: Other community service,0,0,0,0,0,0,0,0,1,0,0
313,CSVCOURSE,"Since entering college, how many of your courses have included community service/service learning",0,1,1,1,1,0,0,0,0,0,0
314,CSVHOW1,CSV Performed: As part of a class or course,0,0,0,0,0,1,1,1,0,0,1
315,CSVHOW2,"CSV Performed: As part of a collegiate-sponsored activity (sorority, campus, org, etc.)",0,0,0,0,0,1,1,1,0,0,1
316,CSVHOW3,"CSV Performed: Independently through a non-collegiate group (church, family, etc.)",0,0,0,0,0,1,1,1,0,0,1
317,CSVPART1,CSV Part: First-year Seminar,0,1,1,0,0,0,0,0,0,0,0
318,CSVPART2,CSV Part: General Education/Core Curriculum,0,1,1,0,0,0,0,0,0,0,0
319,CSVPART3,CSV Part: Required Course in Major,0,1,1,0,0,0,0,0,0,0,0
320,CSVPART4,CSV Part: Optional Course in Major,0,1,1,0,0,0,0,0,0,0,0
321,CSVPART5,"CSV Part: Senior Project (capstone, thesis)",0,1,1,0,0,0,0,0,0,0,0
322,CSVREC1,CSV Records: Kept a journal,0,0,0,0,0,0,1,1,0,0,0
323,CSVREC2,CSV Records: Discussed service experience with other students,0,0,0,0,0,0,1,1,0,0,0
324,CSVREC3,CSV Records: Discussed service experience with professor,0,0,0,0,0,0,1,1,0,0,0
325,CSVREQ,"In this most recent course, community service was:",0,1,1,1,1,0,0,0,0,0,0
326,CVLOC01,CSV Location: A church or other religious organization,0,0,0,0,0,0,0,0,0,0,1
327,CVLOC02,CSV Location: An elementary or secondary school,0,0,0,0,0,0,0,0,0,0,1
328,CVLOC03,CSV Location: A sport or recreational organization,0,0,0,0,0,0,0,0,0,0,1
329,CVLOC04,CSV Location: A hospital or other health organization,0,0,0,0,0,0,0,0,0,0,1
330,CVLOC05,CSV Location: A social or welfare organization,0,0,0,0,0,0,0,0,0,0,1
331,CVLOC06,CSV Location: A park or other outdoor area,0,0,0,0,0,0,0,0,0,0,1
332,CVLOC07,CSV Location: A college or university,0,0,0,0,0,0,0,0,0,0,1
333,CVLOC08,CSV Location: A community center,0,0,0,0,0,0,0,0,0,0,1
334,CVLOC09,CSV Location: A local service center,0,0,0,0,0,0,0,0,0,0,1
335,CVLOC10,CSV Location: A political organization,0,0,0,0,0,0,0,0,0,0,1
336,CVLOC11,CSV Location: Other private organization,0,0,0,0,0,0,0,0,0,0,1
337,CVLOC12,CSV Location: Other public organization,0,0,0,0,0,0,0,0,0,0,1
338,CVREAS1,CSV Reason: To help other people,0,0,0,0,0,0,0,0,0,0,1
339,CVREAS2,CSV Reason: To work with different people from me,0,0,0,0,0,0,0,0,0,0,1
340,CVREAS3,CSV Reason: To improve society as a whole,0,0,0,0,0,0,0,0,0,0,1
341,CVREAS4,CSV Reason: To improve my community,0,0,0,0,0,0,0,0,0,0,1
342,CVREAS5,CSV Reason: To enhance academic learning,0,0,0,0,0,0,0,0,0,0,1
343,CVREAS6,CSV Reason: To develop new skills,0,0,0,0,0,0,0,0,0,0,1
344,CVREAS7,CSV Reason: To fulfill civic/social responsibility,0,0,0,0,0,0,0,0,0,0,1
345,CVREAS8,CSV Reason: To enhance my resume,0,0,0,0,0,0,0,0,0,0,1
346,CVREAS9,CSV Reason: To feel personal satisfaction,0,0,0,0,0,0,0,0,0,0,1
347,CVSDUR,What was the total duration of all your community/volunteer service activity?,0,0,0,0,0,0,0,0,0,0,1
348,DISCRIM1,Discrimination: I have been singled out in class because of my gender,0,0,0,0,0,0,0,0,1,0,0
349,DISCRIM10,Discrimination: I have observed discrimination toward students who are people with disabilities,0,0,0,0,0,0,0,0,1,0,0
350,DISCRIM2,Discrimination: I have been singled out in class because of my race/ethnicity,0,0,0,0,0,0,0,0,1,0,0
351,DISCRIM3,Discrimination: Many students on campus are prejudiced against women,0,0,0,0,0,0,0,0,1,0,0
352,DISCRIM4,Discrimination: Many students on campus are prejudiced against racial/ethnic minorities,0,0,0,0,0,0,0,0,1,0,0
353,DISCRIM5,Discrimination: Instructors treat students the same regardless of the student's gender,0,0,0,0,0,0,0,0,1,0,0
354,DISCRIM6,Discrimination: Instructors treat students the same regardless of the student's race/ethnicity,0,0,0,0,0,0,0,0,1,0,0
355,DISCRIM7,Discrimination: I have observed discrimination toward students who are women,0,0,0,0,0,0,0,0,1,0,0
356,DISCRIM8,Discrimination: I have observed discrimination toward students who are racial/ethnic minorities,0,0,0,0,0,0,0,0,1,0,0
357,DISCRIM9,Discrimination: I have observed discrimination toward students who are gay or lesbian,0,0,0,0,0,0,0,0,1,0,0
358,DIVRATE1,Diversity Rating: Ability to discuss and negotiate controversial issues,0,0,0,0,0,0,0,0,0,0,0
359,DIVRATE2,Diversity Rating: Ability to see the world from someone else’s perspective,0,0,0,0,0,0,0,0,0,0,0
360,DIVRATE3,Diversity Rating: Ability to work cooperatively with diverse people,0,0,0,0,0,0,0,0,0,0,0
361,DIVRATE4,Diversity Rating: Openness to having my own views challenged,0,0,0,0,0,0,0,0,0,0,0
362,DIVRATE5,Diversity Rating: Tolerance of others with different beliefs,0,0,0,0,0,0,0,0,0,0,0
363,DIVRATE6,Diversity Rating: Critical thinking skills,0,0,0,0,0,0,0,0,0,0,0
364,DIVRATE7,Diversity Rating: Ability to manage my time effectively,0,0,0,0,0,0,0,0,0,0,0
365,DPCFLAG,DPC Respondents,0,0,0,0,0,0,0,0,0,0,0
366,ETHACT1,Ethnic Act: Dated someone from a different racial/ethnic background,0,0,0,0,0,0,0,1,0,1,0
367,ETHACT2,Ethnic Act: Dined with someone from a different racial/ethnic group,0,0,0,0,0,0,0,1,0,1,0
368,ETHACT3,Ethnic Act: Felt excluded from school activities because of your racial/ethnic background,0,0,0,0,0,0,0,0,0,1,0
369,ETHACT4,Ethnic Act: Felt pressure not to socialize with students from other racial/ethnic groups,0,0,0,0,0,0,0,1,0,1,0
370,ETHACT5,Ethnic Act: Had a roommate from a different racial/ethnic group,0,0,0,0,0,0,0,0,0,1,0
371,ETHACT6,Ethnic Act: Heard faculty make inappropriate remarks about minorities,0,0,0,0,0,0,0,0,0,1,0
372,ETHACT7,Ethnic Act: Studied with someone from a different racial/ethnic group,0,0,0,0,0,0,0,1,0,1,0
373,ETHEXP01,Ethnic Experience: Attended events sponsored by other racial/ethnic groups,0,0,0,0,0,0,0,0,0,0,0
374,ETHEXP02,Ethnic Experience: Dined or shared a meal,0,0,0,0,0,0,0,0,0,0,0
375,ETHEXP03,Ethnic Experience: Felt insulted or threatened because of your race/ethnicity,0,0,0,0,0,0,0,0,0,0,0
376,ETHEXP04,"Ethnic Experience: Had guarded, cautious interactions",0,0,0,0,0,0,0,0,0,0,0
377,ETHEXP05,Ethnic Experience: Had intellectual discussions outside of class,0,0,0,0,0,0,0,0,0,0,0
378,ETHEXP06,Ethnic Experience: Had meaningful and honest discussions about race/ethnic relations outside of class,0,0,0,0,0,0,0,0,0,0,0
379,ETHEXP07,"Ethnic Experience: Had tense, somewhat hostile interactions",0,0,0,0,0,0,0,0,0,0,0
380,ETHEXP08,Ethnic Experience: Shared personal feelings and problems,0,0,0,0,0,0,0,0,0,0,0
381,ETHEXP09,Ethnic Experience: Socialized or partied,0,0,0,0,0,0,0,0,0,0,0
382,ETHEXP10,Ethnic Experience: Studied or prepared for class,0,0,0,0,0,0,0,0,0,0,0
383,ETHEXP11,"Ethnic Experience: Pursued (by), dated, or otherwise intimately involved",0,0,0,0,0,0,0,0,0,0,0
384,ETHEXP12,Ethnic Experience: Felt ignored or invisible because your race/ethnicity,0,0,0,0,0,0,0,0,0,0,0
385,ETHEXP13,Ethnic Experience: Felt understood,0,0,0,0,0,0,0,0,0,0,0
386,FACPRV01,Faculty Provide: A letter of recommendation,1,1,1,1,1,1,0,1,1,1,0
387,FACPRV02,Faculty Provide: Advice and guidance about your educational program,1,1,1,1,1,1,0,1,1,1,0
388,FACPRV03,Faculty Provide: An opportunity to apply classroom learning to 'real-life' issues,1,1,0,0,0,0,0,0,0,0,0
389,FACPRV04,Faculty Provide: Encouragement to discuss coursework outside of class,1,1,1,1,1,1,0,1,1,1,0
390,FACPRV05,Faculty Provide: An opportunity to publish,1,1,1,1,1,1,0,1,1,1,0
391,FACPRV06,Faculty Provide: An opportunity to work on a research project,1,1,1,1,1,1,0,1,1,1,0
392,FACPRV07,Faculty Provide: Assistance to improve your study skills,1,1,1,1,1,1,0,1,1,1,0
393,FACPRV08,Faculty Provide: Emotional support and encouragement,1,1,1,1,1,1,0,1,1,1,0
394,FACPRV09,Faculty Provide: Encouragement to pursue graduate/professional school,0,0,0,0,0,0,1,1,1,0,0
395,FACPRV10,Faculty Provide: Encouragement to pursue graduate/professional study,1,1,1,1,1,1,0,0,0,1,0
396,FACPRV11,Faculty Provide: Feedback on your academic work (outside of grades),0,0,0,0,0,0,0,0,0,0,0
397,FACPRV12,Faculty Provide: Help cutting through the red tape,0,0,0,0,0,0,0,0,0,1,0
398,FACPRV13,Faculty Provide: Help in achieving your professional goals,1,1,1,1,1,1,0,0,0,0,0
399,FACPRV14,Faculty Provide: Help to improve your study skills,0,0,0,0,0,0,0,0,0,0,0
400,FACPRV15,Faculty Provide: Honest feedback about your skills and abilities,0,0,0,0,0,0,0,1,1,1,0
401,FACPRV16,Faculty Provide: Intellectual challenge and stimulation,1,1,1,1,1,1,0,1,1,1,0
402,FACPRV17,Faculty Provide: Negative feedback about your abilities and skills,0,0,0,0,0,0,0,1,1,0,0
403,FACPRV18,Faculty Provide: Negative Feedback about your Academic Work,1,1,1,1,1,1,0,0,0,0,0
404,FACPRV19,Faculty Provide: Respect (treated you like a colleague/peer),1,1,1,1,1,1,0,1,1,1,0
405,FACULTYPRV01,Faculty Provide: Encouragement to pursue graduate/professional study,0,0,0,0,0,0,0,0,0,0,0
406,FACULTYPRV02,Faculty Provide: An opportunity to work on a research project,0,0,0,0,0,0,1,0,0,0,0
407,FACULTYPRV03,Faculty Provide: Advice and guidance about your educational program,0,0,0,0,0,0,1,0,0,0,0
408,FACULTYPRV04,Faculty Provide: Respect (treated you like a colleague/peer),0,0,0,0,0,0,1,0,0,0,0
409,FACULTYPRV05,Faculty Provide: An opportunity to publish,0,0,0,0,0,0,1,0,0,0,0
410,FACULTYPRV06,Faculty Provide: Emotional support and encouragement,0,0,0,0,0,0,1,0,0,0,0
411,FACULTYPRV07,Faculty Provide: A letter of recommendation,0,0,0,0,0,0,1,0,0,0,0
412,FACULTYPRV08,Faculty Provide: Assistance to improve your study skills,0,0,0,0,0,0,1,0,0,0,0
413,FACULTYPRV09,Faculty Provide: Honest feedback about your skills and abilities,0,0,0,0,0,0,1,0,0,0,0
414,FACULTYPRV10,Faculty Provide: Intellectual challenge and stimulation,0,0,0,0,0,0,1,0,0,0,0
415,FACULTYPRV11,Faculty Provide: Help in achieving your professional goals,0,0,0,0,0,0,1,0,0,0,0
416,FACULTYPRV12,Faculty Provide: An opportunity to discuss coursework outside of class,0,0,0,0,0,0,1,0,0,0,0
417,FORMID,FORM I.D. for paper surveys,0,0,0,0,0,0,0,0,0,0,0
418,FRDGENDER,Friends: How many of your close friends are of your same gender,0,0,0,0,0,0,0,0,0,1,0
419,FRDMAJOR,Friends: How many of your close friends are of your same major or field of interest,0,0,0,0,0,0,0,0,0,1,0
420,FRDRACE,Friends: How many of your close friends are of your same ethnicity or race,0,0,0,0,0,0,0,0,0,1,0
421,FRIEND01,Friends: Your same sex,0,0,0,0,0,1,0,0,0,0,0
422,FRIEND02,Friends: Your Race or Ethnicity,0,0,0,0,0,1,0,0,0,0,0
423,FRIEND03,Friends: Your Major,0,0,0,0,0,1,0,0,0,0,0
424,FRIEND04,Friends: Social fraternities and sororities,0,0,0,0,0,1,0,0,0,0,0
425,FRIEND05,Friends: Religious organizations,0,0,0,0,0,1,0,0,0,0,0
426,FRIEND06,Friends: Residence Halls/dorms,0,0,0,0,0,1,0,0,0,0,0
427,FRIEND07,Friends: Your off-campus Job,0,0,0,0,0,1,0,0,0,0,0
428,FRIEND08,Friends: Your on-campus Job,0,0,0,0,0,1,0,0,0,0,0
429,FRIEND09,Friends: Intercollegiate athletics,0,0,0,0,0,1,0,0,0,0,0
430,FRIEND10,Friends: Student government,0,0,0,0,0,1,0,0,0,0,0
431,FRIEND11,Friends: Other Student organizations,0,0,0,0,0,1,0,0,0,0,0
432,FRIEND12,Friends: Other on-campus friends,0,0,0,0,0,1,0,0,0,0,0
433,FRIEND13,Friends: High School,0,0,0,0,0,1,0,0,0,0,0
434,FRIEND14,Friends: Other off-campus friends,0,0,0,0,0,1,0,0,0,0,0
435,GENACT01,Act in Past Year: Applied concepts from courses to everyday life,0,0,0,0,0,0,0,0,0,0,0
436,GENACT02,Act in Past Year: Attended a recital or concert,0,0,0,0,0,0,0,0,0,1,0
437,GENACT03,Act in Part Year: Attended a religious service,1,1,1,1,1,1,1,1,1,1,1
438,GENACT04,Act in Part Year: Been lonely or homesick,0,0,0,0,0,0,1,1,1,1,1
439,GENACT05,Act in Past Year: Contributed money to a political campaign,0,0,0,0,0,0,0,0,0,0,0
440,GENACT06,Act in Past Year: Contributed money to help support my family,0,0,0,0,0,0,0,0,0,0,0
441,GENACT07,Act in Past Year: Discussed politics,1,1,1,1,1,1,1,1,1,1,0
442,GENACT08,Act in Past Year: Discussed politics in class,0,0,0,0,0,0,0,0,0,0,0
443,GENACT09,Act in Past Year: Discussed politics with family,0,0,0,0,0,0,0,0,0,0,0
444,GENACT10,Act in Past Year: Discussed politics with friends,0,0,0,0,0,0,0,0,0,0,0
445,GENACT11,Act in Past Year: Discussed religion,1,1,1,1,0,0,0,0,0,0,0
446,GENACT12,Act in Past Year: Discussed safe sex,0,0,0,0,0,0,0,0,0,1,0
447,GENACT13,Act in Past Year: Consumed beer,1,1,1,1,1,1,1,1,1,1,1
448,GENACT14,Act in Past Year: Consumed wine or liquor,1,1,1,1,1,1,1,1,1,1,1
449,GENACT15,Act in Part Year: Felt depressed,1,1,1,1,1,1,1,1,1,1,1
450,GENACT16,Act in Part Year: Felt harassed because of ethnic background,0,0,0,0,0,0,0,0,0,0,0
451,GENACT17,Act in Part Year: Felt harassed because of my gender,0,0,0,0,0,0,0,0,0,0,0
452,GENACT18,Act in Past Year: Felt lonely or homesick,1,1,1,1,1,1,0,0,0,0,0
453,GENACT19,Act in Part Year: Felt overwhelmed by all I had to do,1,1,1,1,1,1,1,1,1,1,1
454,GENACT20,Act in Past Year: Lost my temper,0,0,0,0,0,1,0,0,0,0,0
455,GENACT21,Act in Past Year: Overslept and missed class or appointment,0,1,1,1,1,1,1,1,1,0,0
456,GENACT22,Act in Part Year: Participated in organized demonstrations,1,1,1,1,1,1,1,1,1,1,1
457,GENACT23,Act in Past Year: Participated in political demonstrations,0,0,0,0,0,0,0,0,0,0,0
458,GENACT24,Act in Past Year: Participated in student protests or demonstrations,0,0,0,0,0,0,0,0,0,0,0
459,GENACT25,Act in Past Year: Performed volunteer or community service work,0,0,0,0,0,0,0,0,0,0,0
460,GENACT26,Act in Part Year: Performed volunteer work,1,1,1,1,1,1,1,1,1,1,1
461,GENACT27,Act in Past Year: Read the editorial page in the daily paper,0,0,1,1,0,0,0,0,0,0,0
462,GENACT28,Act in Part Year: Received career/vocational counseling,0,0,0,0,0,0,0,0,0,0,1
463,GENACT29,Act in Part Year: Smoked cigarettes,1,1,1,1,1,1,1,1,1,1,1
464,GENACT30,Act in Part Year: Socialized with someone of another racial/ethnic group,1,1,1,1,1,1,1,1,1,1,1
465,GENACT31,Act in Past Year: Sought personal counseling,1,1,1,1,1,1,0,0,0,0,0
466,GENACT32,Act in Part Year: Stayed up all night,0,0,0,0,0,0,0,0,0,0,1
467,GENACT33,Act in Past Year: Took a prescribed anti-depressant,0,0,0,0,1,1,0,0,0,0,0
468,GENACT34,Act in Part Year: Used a personal computer,0,0,0,0,0,0,0,0,0,0,1
469,GENACT35,Act in Past Year: Visited a museum or art gallery,0,1,1,1,0,0,0,1,1,0,0
470,GENACT36,Act in Past Year: Voted in state/national election,0,0,0,0,1,1,1,0,0,0,0
471,GENACT37,"Act in Past Year: Worked on a local, state, or national political campaign",0,0,0,0,1,0,1,1,1,1,0
472,GENACT38,Act in Past Year: Felt that faculty provided me with feedback that helped me assess my progress in class,0,0,0,0,0,0,0,0,0,0,0
473,GENACT39,Act in Past Year: Felt that my contributions were valued in class,0,0,0,0,0,0,0,0,0,0,0
474,GENACT40,Act in Past Year: Felt that faculty encouraged me to ask questions and participate in discussions,0,0,0,0,0,0,0,0,0,0,0
475,GENACT41,Act in Past Year: Felt anxious,0,0,0,0,0,0,0,0,0,0,0
476,GENACT42,Act in Past Year: Felt hungry but didnt eat because I didnt have enough money for food,0,0,0,0,0,0,0,0,0,0,0
477,GOAL01,Goal: Adopting green practices to protect the environment,0,0,0,0,0,0,0,0,0,0,0
478,GOAL02,Goal: Becoming a community leader,1,1,1,1,1,1,1,1,1,1,0
479,GOAL03,"Goal: Becoming accomplished in one of the performing arts (acting, dancing, etc.)",1,1,1,1,1,1,1,1,1,1,1
480,GOAL04,Goal: Becoming an authority in my field,1,1,1,1,1,1,1,1,1,1,1
481,GOAL05,Goal: Becoming involved in programs to clean up the environment,1,1,1,1,1,1,1,1,1,1,1
482,GOAL06,Goal: Becoming successful in a business of my own,1,1,1,1,1,1,1,1,1,1,1
483,GOAL07,Goal: Being very well off financially,1,1,1,1,1,1,1,1,1,1,1
484,GOAL08,"Goal: Creating artistic work (paintings, sculpture, etc.)",1,1,1,1,1,1,1,1,1,1,1
485,GOAL09,Goal: Developing a meaningful philosophy of life,1,1,1,1,1,1,1,1,1,1,1
486,GOAL10,Goal: Having administrative responsibility for the work of others,1,1,1,1,1,1,1,1,1,1,1
487,GOAL11,Goal: Helping others who are in difficulty,1,1,1,1,1,1,1,1,1,1,1
488,GOAL12,Goal: Helping to promote racial understanding,1,1,1,1,1,1,1,1,1,1,1
489,GOAL13,Goal: Improving my understanding of other countries and cultures,0,0,0,0,0,0,0,0,0,0,0
490,GOAL14,Goal: Improving the health of minority communities,0,0,0,0,0,0,0,0,0,0,0
491,GOAL15,Goal: Influencing social values,1,1,1,1,1,1,1,1,1,1,1
492,GOAL16,Goal: Influencing the political structure,1,1,1,1,1,1,1,1,1,1,1
493,GOAL17,Goal: Integrating Spirituality into My Life,1,1,1,0,0,0,0,0,0,0,0
494,GOAL18,Goal: Keeping up to date with political affairs,1,1,1,1,1,1,1,1,1,1,0
495,GOAL19,Goal: Making a theoretical contribution to science,1,1,1,1,1,1,1,1,1,1,1
496,GOAL20,Goal: Obtaining recognition from my colleagues for contributions to my special field,1,1,1,1,1,1,1,1,1,1,1
497,GOAL21,Goal: Participating in a community action program,1,1,1,1,1,1,1,1,1,1,1
498,GOAL22,Goal: Raising a family,1,1,1,1,1,1,1,1,1,1,1
499,GOAL23,Goal: Working to find a cure for health problems,0,0,0,0,0,0,0,0,0,0,0
500,GOAL24,"Goal: Writing original works (poems, novels, etc.)",1,1,1,1,1,1,1,1,1,1,1
501,GOAL25,Goal: Adopting 'green' practices to protect the environment,0,0,0,0,0,0,0,0,0,0,0
502,GRPACT01,Group Interaction: White/Caucasian,0,0,0,0,0,0,0,0,0,0,0
503,GRPACT02,Group Interaction: African American/Black,0,0,0,0,0,0,0,0,0,0,0
504,GRPACT03,Group Interaction: American Indian/Alaska Native,0,0,0,0,0,0,0,0,0,0,0
505,GRPACT04,Group Interaction: Asian American/Asian/Pacific Islander,0,0,0,0,0,0,0,0,0,0,0
506,GRPACT05,Group Interaction: Hispanic/Latino,0,0,0,0,0,0,0,0,0,0,0
507,GRPACT06,Group Interaction: Students from outside the United States,0,0,0,0,0,0,0,0,0,0,0
508,GRPACT07,Group Interaction: Students from a different religion than yours,0,0,0,0,0,0,0,0,0,0,0
509,GRPACT08,Group Interaction: Students from a different economic background,0,0,0,0,0,0,0,0,0,0,0
510,HPW01,Hours per Week: Attending Classes/Labs,1,1,0,0,0,0,0,0,0,0,0
511,HPW02,"Hours per Week: Career planning (e.g. job searches, networking)",0,0,0,0,0,0,0,0,0,0,0
512,HPW03,Hours per Week: Classes/labs,0,0,1,1,1,1,1,1,1,1,1
513,HPW04,Hours per Week: Participating in student clubs/groups,0,0,0,0,0,0,0,0,1,1,1
514,HPW05,Hours per Week: Commuting,1,1,1,1,1,1,1,1,1,1,1
515,HPW06,Hours per Week: Exercising/sports,1,1,1,1,1,1,1,1,1,1,1
516,HPW07,Hours per Week: Hobbies,0,0,0,0,0,0,0,0,1,1,1
517,HPW08,Hours per Week: Performing household/childcare duties,1,1,1,1,1,1,1,1,0,0,0
518,HPW09,Hours per Week: Using social media,0,0,0,0,0,0,0,0,0,0,0
519,HPW10,Hours per Week: Partying,1,1,1,1,1,1,1,1,1,1,1
520,HPW11,Hours per Week: Arcade/video games,0,1,1,1,1,1,0,1,0,0,0
521,HPW12,Hours per Week: Meditated/Participated in mindfulness activity,1,1,1,1,1,1,0,0,0,0,0
522,HPW13,Hours per Week: Reading for pleasure,1,1,1,1,1,1,1,1,1,1,1
523,HPW14,Hours per Week: Religious services/meetings,0,0,0,0,0,0,0,0,1,1,1
524,HPW15,Hours per Week: Socializing with friends in person,1,1,1,1,1,1,1,1,1,1,1
525,HPW16,Hours per Week: Working with classmates on group projects,1,1,1,1,1,1,1,1,0,0,0
526,HPW17,Hours per Week: Studying/homework,1,1,1,1,1,1,1,1,1,1,1
527,HPW18,Hours per Week: Surfing the Internet,0,0,0,0,0,0,0,0,0,0,0
528,HPW19,Hours per Week: Talking with faculty during office hours,1,0,0,0,0,0,0,0,0,0,0
529,HPW20,Hours per Week: Talking with faculty outside class,0,0,0,1,1,1,1,1,0,0,1
530,HPW21,Hours per Week: Talking with faculty outside of class or office hours,1,0,0,0,0,0,0,0,0,0,0
531,HPW22,Hours per Week: Using a personal computer,1,1,1,1,1,1,1,1,0,0,0
532,HPW23,Hours per Week: Volunteer work,0,1,1,1,1,1,1,1,1,1,1
533,HPW24,"Hours per Week: Watching TV/online video content (e.g., Amazon, Hulu, Netflix, YouTube)",1,1,1,1,1,1,1,1,1,1,1
534,HPW25,Hours per Week: Working (for pay),0,1,1,1,1,1,1,1,1,1,1
535,HPW26,Hours per Week: Working (for pay) off campus,1,0,0,0,0,0,0,0,0,0,0
536,HPW27,Hours per Week: Working (for pay) on campus,1,0,0,0,0,0,0,0,0,0,0
537,HPW28,Hours per Week: Studying with other students,0,0,0,0,0,0,0,0,0,0,0
538,INSOPN01,Inst Opinion: Faculty feel that most students here are well-prepared academically,0,0,0,0,0,0,0,0,0,0,0
539,INSOPN02,Inst Opinion: Faculty here are interested in students' academic problems,0,0,0,0,0,0,0,0,0,0,0
540,INSOPN03,Inst Opinion: Faculty here are interested in students' personal problems,0,0,0,0,0,0,0,0,0,0,0
541,INSOPN04,Inst Opinion: I am enthusiastic about this college,0,0,0,0,0,0,0,0,0,0,0
542,INSOPN05,Inst Opinion: I feel a sense of belonging to this campus,0,0,0,0,0,0,0,0,0,0,0
543,INSOPN06,Inst Opinion: I feel I am a member of this college,0,0,0,0,0,0,0,0,0,0,0
544,INSOPN07,Inst Opinion: I feel I have a sense of belonging to this campus,0,0,0,0,0,0,0,0,0,0,0
545,INSOPN08,"Inst Opinion: I have been singled out because of my race/ethnicity, gender, or sexual orientation",0,0,0,0,0,0,0,0,0,0,0
546,INSOPN09,Inst Opinion: I have effectively led a group to a common purpose,0,0,0,0,0,0,0,0,0,0,0
547,INSOPN10,Inst Opinion: I have heard faculty express stereotypes about racial/ethnic groups in class,0,0,0,0,0,0,0,0,0,0,0
548,INSOPN11,Inst Opinion: I see myself as part of the campus community,0,0,0,0,0,0,0,0,0,0,0
549,INSOPN12,"Inst Opinion: If asked, I would recommend this college to others",0,0,0,0,0,0,0,0,0,0,0
550,INSOPN13,Inst Opinion: There is a lot of racial tension on this campus,0,0,0,0,0,0,0,0,0,0,0
551,INSOPN14,Inst Opinion: At least one faculty member has taken an interest in my development,0,0,0,0,0,0,0,0,0,0,0
552,INSOPN15,Inst Opinion: At least one staff member has taken an interest in my development,0,0,0,0,0,0,0,0,0,0,0
553,INSOPN16,Inst Opinion: Faculty believe in my potential to succeed academically,0,0,0,0,0,0,0,0,0,0,0
554,INSOPN17,Inst Opinion: Faculty empower me to learn here,0,0,0,0,0,0,0,0,0,0,0
555,INSOPN18,Inst Opinion: Faculty encouraged me to meet with them outside of class,0,0,0,0,0,0,0,0,0,0,0
556,INSOPN19,Inst Opinion: Faculty showed concern about my progress,0,0,0,0,0,0,0,0,0,0,0
557,INSOPN20,Inst Opinion: I am interested in seeking information about current social and political issues,0,0,0,0,0,0,0,0,0,0,0
558,INSOPN21,Inst Opinion: I feel valued at this institution,0,0,0,0,0,0,0,0,0,0,0
559,INSOPN22,"Inst Opinion: I have felt discriminated against at this institution because of my race/ethnicity, gender, sexual orientation, disability status, or religion",0,0,0,0,0,0,0,0,0,0,0
560,INSOPN23,"Inst Opinion: In class, I have heard faculty express stereotypes based on social identity (such as race/ethnicity, gender, sexual orientation, disability status, or religion)",0,0,0,0,0,0,0,0,0,0,0
561,INSOPN24,Inst Opinion: Staff encouraged me to get involved in campus activities,0,0,0,0,0,0,0,0,0,0,0
562,INSOPN25,Inst Opinion: Staff recognize my achievements,0,0,0,0,0,0,0,0,0,0,0
563,INSOPN26,Inst Opinion: I will give this college money as an alum,0,0,0,0,0,0,0,0,0,0,0
564,INSOPN27,"Inst Opinion: I plan to remain engaged with this college as an alum (e.g., campus events, fundraising, admissions)",0,0,0,0,0,0,0,0,0,0,0
565,INSOPN28,Inst Opinion: My political views closely resemble those of my parents/guardians,0,0,0,0,0,0,0,0,0,0,0
566,LGBTQIDEN,What is your sexual orientation?,0,0,0,0,0,0,0,0,0,0,0
567,LIVE1,Live: With parents or relatives,0,0,0,0,0,0,0,0,0,0,0
568,LIVE2,"Live: Other private home, apartment, room",0,0,0,0,0,0,0,0,0,0,0
569,LIVE3,Live: Residence hall,0,0,0,0,0,0,0,0,0,0,0
570,LIVE4,Live: Fraternity or sorority house,0,0,0,0,0,0,0,0,0,0,0
571,LIVE5,Live: Other campus student housing,0,0,0,0,0,0,0,0,0,0,0
572,LIVE6,Live: Other,0,0,0,0,0,0,0,0,0,0,0
573,MAJORTIME,When did you decide to pursue your current academic major?,0,0,0,0,0,0,0,0,0,0,0
574,MENTORPRV01,Mentor Provide: Encouragement to pursue graduate/professional study,0,0,0,0,0,0,1,0,0,0,0
575,MENTORPRV02,Mentor Provide: An opportunity to work on a research project,0,0,0,0,0,0,1,0,0,0,0
576,MENTORPRV03,Mentor Provide: Advice and guidance about your educational program,0,0,0,0,0,0,1,0,0,0,0
577,MENTORPRV04,Mentor Provide: Respect (treated you like a colleague/peer),0,0,0,0,0,0,1,0,0,0,0
578,MENTORPRV05,Mentor Provide: An opportunity to publish,0,0,0,0,0,0,1,0,0,0,0
579,MENTORPRV06,Mentor Provide: Emotional support and encouragement,0,0,0,0,0,0,1,0,0,0,0
580,MENTORPRV07,Mentor Provide: A letter of recommendation,0,0,0,0,0,0,1,0,0,0,0
581,MENTORPRV08,Mentor Provide: Assistance to improve your study skills,0,0,0,0,0,0,1,0,0,0,0
582,MENTORPRV09,Mentor Provide: Honest feedback about your skills and abilities,0,0,0,0,0,0,1,0,0,0,0
583,MENTORPRV10,Mentor Provide: Intellectual challenge and stimulation,0,0,0,0,0,0,1,0,0,0,0
584,MENTORPRV11,Mentor Provide: Help in achieving your professional goals,0,0,0,0,0,0,1,0,0,0,0
585,MENTORPRV12,Mentor Provide: An opportunity to discuss coursework outside of class,0,0,0,0,0,0,1,0,0,0,0
586,MILITARY,Military status,0,0,0,0,0,0,0,0,0,0,0
587,MNDHAB01,Habits of Mind: Accept mistakes as part of the learning process,0,0,0,0,0,0,0,0,0,0,0
588,MNDHAB02,Habits of Mind: Ask questions in class,0,0,0,0,0,0,0,0,0,0,0
589,MNDHAB03,Habits of Mind: Evaluate the quality or reliability of information you received,0,0,0,0,0,0,0,0,0,0,0
590,MNDHAB04,"Habits of Mind: Explore topics on your own, even though it was not required for a class",0,0,0,0,0,0,0,0,0,0,0
591,MNDHAB05,Habits of Mind: Integrate skills and knowledge from different sources and experiences,0,0,0,0,0,0,0,0,0,0,0
592,MNDHAB06,Habits of Mind: Look up scientific research articles and resources,0,0,0,0,0,0,0,0,0,0,0
593,MNDHAB07,Habits of Mind: Revise your papers to improve your writing,0,0,0,0,0,0,0,0,0,0,0
594,MNDHAB08,Habits of Mind: Seek alternative solutions to a problem,0,0,0,0,0,0,0,0,0,0,0
595,MNDHAB09,Habits of Mind: Seek feedback on your academic work,0,0,0,0,0,0,0,0,0,0,0
596,MNDHAB10,Habits of Mind: Seek solutions to problems and explain them to others,0,0,0,0,0,0,0,0,0,0,0
597,MNDHAB11,Habits of Mind: Support your opinions with a logical argument,0,0,0,0,0,0,0,0,0,0,0
598,MNDHAB12,Habits of Mind: Take a risk because you felt you had more to gain,0,0,0,0,0,0,0,0,0,0,0
599,MNDHAB13,Habits of Mind: Take notes during class,0,0,0,0,0,0,0,0,0,0,0
600,MNDHAB14,Habits of Mind: Analyze multiple sources of information before coming to a conclusion,0,0,0,0,0,0,0,0,0,0,0
601,MNDHAB15,Habits of Mind: Take on a challenge that scares you,0,0,0,0,0,0,0,0,0,0,0
602,MULTIRACIAL,Do you identify as multiracial?,0,0,0,0,0,0,0,0,0,0,0
603,OTHPLAN01,Secondary plan: Working full-time,0,0,0,0,0,0,0,0,0,0,0
604,OTHPLAN02,Secondary plan: Working part-time,0,0,0,0,0,0,0,0,0,0,0
605,OTHPLAN03,Secondary plan: Attending graduate/professional school full-time,0,0,0,0,0,0,0,0,0,0,0
606,OTHPLAN04,Secondary plan: Attending graduate/professional school part-time,0,0,0,0,0,0,0,0,0,0,0
607,OTHPLAN05,Secondary plan: Completing additional undergraduate coursework/Post-baccalaureate program,0,0,0,0,0,0,0,0,0,0,0
608,OTHPLAN06,"Secondary plan: Participating in an organization like the Peace Corps, AmeriCorps/VISTA, or Teach for America",0,0,0,0,0,0,0,0,0,0,0
609,OTHPLAN07,Secondary plan: Serving in the Armed Forces,0,0,0,0,0,0,0,0,0,0,0
610,OTHPLAN08,Secondary plan: Traveling,0,0,0,0,0,0,0,0,0,0,0
611,OTHPLAN09,Secondary plan: Volunteer work,0,0,0,0,0,0,0,0,0,0,0
612,OTHPLAN10,Secondary plan: Staying at home to be with or start a family,0,0,0,0,0,0,0,0,0,0,0
613,OTHPLAN11,Secondary plan: No current plans,0,0,0,0,0,0,0,0,0,0,0
614,PLAN01,Plans: Working full-time,0,0,0,0,0,0,0,0,0,0,0
615,PLAN02,Plans: Working part-time,0,0,0,0,0,0,0,0,0,0,0
616,PLAN03,Plans: Attending graduate/professional school full-time,0,0,0,0,0,0,0,0,0,0,0
617,PLAN04,Plans: Attending graduate/professional school part-time,0,0,0,0,0,0,0,0,0,0,0
618,PLAN05,Plans: Completing additional undergraduate coursework/Post-baccalaureate program,0,0,0,0,0,0,0,0,0,0,0
619,PLAN06,"Plans: Participating in an organization like the Peace Corps, AmeriCorps/VISTA, or Teach for America",0,0,0,0,0,0,0,0,0,0,0
620,PLAN07,Plans: Serving in the Armed Forces,0,0,0,0,0,0,0,0,0,0,0
621,PLAN08,Plans: Traveling,0,0,0,0,0,0,0,0,0,0,0
622,PLAN09,Plans: Volunteer work,0,0,0,0,0,0,0,0,0,0,0
623,PLAN10,Plans: Staying at home to be with or start a family,0,0,0,0,0,0,0,0,0,0,0
624,PLAN11,Plans: No current plans,0,0,0,0,0,0,0,0,0,0,0
625,PLANS01,Plans: Attending a vocational training program,1,1,1,1,1,1,1,1,1,1,1
626,PLANS02,Plans: Attending graduate or professional school,1,1,1,1,1,1,1,1,1,1,1
627,PLANS03,Plans: Attending undergraduate college full-time,1,1,1,1,1,1,1,1,1,1,1
628,PLANS04,Plans: Attending undergraduate college part-time,1,1,1,1,1,1,1,1,1,1,1
629,PLANS05,Plans: Doing volunteer work,1,1,1,1,1,1,1,1,1,1,1
630,PLANS06,Plans: No Current Plans,1,1,1,1,1,1,0,0,0,0,0
631,PLANS07,Plans: Participating in a community service organization,1,1,1,1,1,1,1,1,0,0,0
632,PLANS08,"Plans: Participating in a community service organization (e.g., AmeriCorps, Peace Corps. etc.)",0,0,0,0,0,0,0,0,1,1,1
633,PLANS09,"Plans: Participating in an organization like the Peace Corps, AmeriCorps/VISTA, or Teach for America",0,0,0,0,0,0,0,0,0,0,0
634,PLANS10,Plans: Participating in a post-baccalaureate program,0,0,0,0,0,0,0,0,0,0,0
635,PLANS11,Plans: Serving in the Armed Forces,1,1,1,1,1,1,1,1,1,1,1
636,PLANS12,Plans: Staying at home to be with (or start) my family,1,1,1,1,1,1,1,1,1,1,1
637,PLANS13,"Plans: Traveling, hostelling, or backpacking",1,1,1,1,1,1,1,1,1,1,1
638,PLANS14,Plans: Working for a government agency,0,0,0,0,0,0,1,1,1,1,1
639,PLANS15,Plans: Working for a non-profit organization,0,0,0,0,0,0,1,1,1,1,1
640,PLANS16,Plans: Working full-time,1,1,1,1,1,1,1,1,1,1,1
641,PLANS17,Plans: Working in a humanities/social science related job,0,0,0,0,0,0,0,0,0,0,0
642,PLANS18,Plans: Working in a science/math/technology related job,0,0,0,0,0,0,0,0,0,0,0
643,PLANS19,Plans: Working in private industry,0,0,0,0,0,0,0,0,1,1,1
644,PLANS20,Plans: Working part-time,1,1,1,1,1,1,1,1,1,1,1
645,PRIMPLAN,Primary plan:What do you primarily plan to be doing in fall 2014?,0,0,0,0,0,0,0,0,0,0,0
646,PRIMPLAN01,Primary plans: Work full-time,0,0,0,0,0,0,0,0,0,0,0
647,PRIMPLAN02,Primary plans: Work part-time,0,0,0,0,0,0,0,0,0,0,0
648,PRIMPLAN03,Primary plans: Attend graduate/professional school full-time,0,0,0,0,0,0,0,0,0,0,0
649,PRIMPLAN04,Primary plans: Attend graduate/professional school part-time,0,0,0,0,0,0,0,0,0,0,0
650,PRIMPLAN05,Primary plans: Complete additional undergraduate coursework/Post-baccalaureate program,0,0,0,0,0,0,0,0,0,0,0
651,PRIMPLAN06,"Primary plans: Participate in a service organization like the Peace Corps, AmeriCorps/VISTA, or Teach for America",0,0,0,0,0,0,0,0,0,0,0
652,PRIMPLAN07,Primary plans: Serve in the Armed Forces,0,0,0,0,0,0,0,0,0,0,0
653,PRIMPLAN08,Primary plans: Travel,0,0,0,0,0,0,0,0,0,0,0
654,PRIMPLAN09,Primary plans: Perform volunteer work,0,0,0,0,0,0,0,0,0,0,0
655,PRIMPLAN10,Primary plans: Stay at home to be with or start a family,0,0,0,0,0,0,0,0,0,0,0
656,RATE01,Self Rating: Academic ability,1,1,1,1,1,1,1,1,1,1,1
657,RATE02,Self Rating: Artistic ability,1,1,1,1,1,1,1,1,1,1,1
658,RATE03,Self Rating: Athletic ability,0,0,0,1,0,0,0,0,0,0,0
659,RATE04,Self Rating: Competitiveness,1,1,1,1,1,1,1,1,1,1,1
660,RATE05,Self Rating: Computer Skills,1,1,0,0,0,0,0,0,0,0,0
661,RATE06,Self Rating: Cooperativeness,1,1,1,1,1,1,1,1,1,1,0
662,RATE07,Self Rating: Creativity,1,1,1,1,1,1,1,1,1,0,0
663,RATE08,Self Rating: Cynicism,0,0,0,0,0,0,1,0,0,0,0
664,RATE09,Self Rating: Drive to achieve,1,1,1,1,1,1,1,1,1,1,1
665,RATE10,Self Rating: Emotional health,1,1,1,1,1,1,1,1,1,1,1
666,RATE11,Self Rating: Initiative,0,1,0,0,0,0,1,0,0,0,0
667,RATE12,Self Rating: Leadership ability,1,1,1,1,1,1,1,1,1,1,1
668,RATE13,Self Rating: Mathematical ability,1,1,1,1,1,1,1,1,1,1,1
669,RATE14,Self Rating: Persistence,0,0,0,0,0,0,0,0,0,0,0
670,RATE15,Self Rating: Physical health,1,1,1,1,1,1,1,1,1,1,1
671,RATE16,Self Rating: Popularity,1,1,1,1,1,1,1,0,0,0,1
672,RATE17,Self Rating: Popularity with opposite sex,0,0,0,0,0,0,0,0,0,0,1
673,RATE18,Self Rating: Public speaking ability,1,1,1,1,1,1,1,1,1,1,1
674,RATE19,Self Rating: Religiousness/religiosity,1,0,1,1,1,0,0,0,0,0,0
675,RATE21,Self Rating: Risk-taking,0,0,0,0,0,0,0,0,0,0,0
676,RATE22,Self Rating: Self-confidence (intellectual),1,1,1,1,1,1,1,1,1,1,1
677,RATE23,Self Rating: Self-confidence (social),1,1,1,1,1,1,1,1,1,1,1
678,RATE24,Self Rating: Self-understanding,1,1,1,1,1,1,0,0,0,0,0
679,RATE25,Self Rating: Spirituality,1,1,1,1,1,1,0,0,0,0,0
680,RATE26,Self Rating: Stubbornness,0,0,0,0,0,0,1,0,0,0,0
681,RATE27,Self Rating: Understanding of others,1,1,1,1,1,1,1,1,1,1,1
682,RATE28,Self Rating: Writing ability,1,1,1,1,1,1,1,1,1,1,1
683,RATE29,Self Rating: Compassion,0,0,0,0,0,0,0,0,0,0,0
684,REASCAR1,Reason for career: Well-respected or prestigious occupation,0,0,0,0,0,0,0,0,0,0,0
685,REASCAR2,Reason for career: Great deal of independence,0,0,0,0,0,0,0,0,0,0,0
686,REASCAR3,Reason for career: Can work with ideas,0,0,0,0,0,0,0,0,0,0,0
687,REASCAR4,Reason for career: Intrinsic interest in the field,0,0,0,0,0,0,0,0,0,0,0
688,REASCAR5,Reason for career: The work would be challenging,0,0,0,0,0,0,0,0,0,0,0
689,RESEARCH,How many months since entering college (including summer) did you work on a professors research project?,0,0,0,0,0,0,0,0,0,0,0
690,SAMEACE,CSS and TFS data from same institution,1,1,1,1,1,1,1,1,1,1,1
691,SATIS01,Satisfaction: Academic advising,0,0,0,0,0,0,0,0,0,0,0
692,SATIS02,Satisfaction: Availability of internet access,0,0,0,0,0,0,0,0,0,0,0
693,SATIS03,Satisfaction: Career counseling and advising,0,0,0,0,0,0,0,0,0,0,0
694,SATIS04,Satisfaction: Technology resources,0,0,0,0,0,0,0,0,0,0,0
695,SATIS05,Satisfaction: Computing assistance,0,0,0,0,0,0,0,0,0,0,0
696,SATIS06,Satisfaction: Financial aid office,0,0,0,0,0,0,0,0,0,0,0
697,SATIS07,Satisfaction: Financial aid package,0,0,0,0,0,0,0,0,0,0,0
698,SATIS08,Satisfaction: General education or core curriculum courses,0,0,0,0,0,0,0,0,0,0,0
699,SATIS09,Satisfaction: Humanities courses,0,0,0,0,0,0,0,0,0,0,0
700,SATIS10,Satisfaction: Job placement services for students,0,0,0,0,0,0,0,0,0,0,0
701,SATIS11,Satisfaction: Laboratory facilities and equipment,0,0,0,0,0,0,0,0,0,0,0
702,SATIS12,Satisfaction: Leadership opportunities,0,0,0,0,0,0,0,0,0,0,0
703,SATIS13,Satisfaction: Library resources,0,0,0,0,0,0,0,0,0,0,0
704,SATIS14,Satisfaction: Opportunities for community service,0,0,0,0,0,0,0,0,0,0,0
705,SATIS15,Satisfaction: Student psychological services,0,0,0,0,0,0,0,0,0,0,0
706,SATIS16,Satisfaction: Quality of computer training/assistance,0,0,0,0,0,0,0,0,0,0,0
707,SATIS17,Satisfaction: Recreational facilities,0,0,0,0,0,0,0,0,0,0,0
708,SATIS18,Satisfaction: Science and mathematics courses,0,0,0,0,0,0,0,0,0,0,0
709,SATIS19,Satisfaction: Social science courses,0,0,0,0,0,0,0,0,0,0,0
710,SATIS20,Satisfaction: Student health services,0,0,0,0,0,0,0,0,0,0,0
711,SATIS21,"Satisfaction: Student housing (e.g., res. halls)",0,0,0,0,0,0,0,0,0,0,0
712,SATIS22,Satisfaction: Student housing office/services,0,0,0,0,0,0,0,0,0,0,0
713,SATIS23,Satisfaction: Tutoring or other academic assistance,0,0,0,0,0,0,0,0,0,0,0
714,SATIS24,Satisfaction: Arts and Humanities courses,0,0,0,0,0,0,0,0,0,0,0
715,SATIS25,Satisfaction: Career-related resources and support,0,0,0,0,0,0,0,0,0,0,0
716,SATIS26,"Satisfaction: Campus safety services (e.g., Safe Walk, Public Safety/Police Dept.)",0,0,0,0,0,0,0,0,0,0,0
717,SATIS27,Satisfaction: Ability to find a faculty or staff mentor,0,0,0,0,0,0,0,0,0,0,0
718,SATIS28,Satisfaction: Ability to find a faculty or staff member (Paper only),0,0,0,0,0,0,0,0,0,0,0
719,SATIS30,Satisfaction: Mentoring received from faculty,0,0,0,0,0,0,0,0,0,0,0
720,SATIS31,Satisfaction: Mentoring received from staff,0,0,0,0,0,0,0,0,0,0,0
721,SCISKILLS01,"Science Skills: Use technical science skills (use of tools, instruments, and/or techniques)",0,0,0,0,0,0,0,0,0,0,0
722,SCISKILLS02,Science Skills: Generate a research question,0,0,0,0,0,0,0,0,0,0,0
723,SCISKILLS03,Science Skills: Determine how to collect appropriate data,0,0,0,0,0,0,0,0,0,0,0
724,SCISKILLS04,Science Skills: Explain the results of a study,0,0,0,0,0,0,0,0,0,0,0
725,SCISKILLS05,Science Skills: Use scientific literature to guide research,0,0,0,0,0,0,0,0,0,0,0
726,SCISKILLS06,Science Skills: Integrate results from multiple studies,0,0,0,0,0,0,0,0,0,0,0
727,SCISKILLS07,Science Skills: Ask relevant questions,0,0,0,0,0,0,0,0,0,0,0
728,SCISKILLS08,Science Skills: Identify what is known and not known about a problem,0,0,0,0,0,0,0,0,0,0,0
729,SCISKILLS09,Science Skills: Understand scientific concepts,0,0,0,0,0,0,0,0,0,0,0
730,SCISKILLS10,Science Skills: See connections between different areas of science and mathematics,0,0,0,0,0,0,0,0,0,0,0
731,SCIASSOC01,Science Association: I have a strong sense of belonging to a community of scholars,0,0,0,0,0,0,0,0,0,0,0
732,SCIASSOC02,Science Association: I derive great personal satisfaction from working on a team that is doing important research,0,0,0,0,0,0,0,0,0,0,0
733,SCIASSOC03,Science Association: I think of myself as a scientist,0,0,0,0,0,0,0,0,0,0,0
734,SCIASSOC04,Science Association: I feel like I belong in the field of science,0,0,0,0,0,0,0,0,0,0,0
735,SCICAREER,Will you pursue a science-related research career?,0,0,0,0,0,0,0,0,0,0,0
736,SCISKILLS01,"Science Skills: Use technical science skills (use of tools, instruments, and/or techniques)",0,0,0,0,0,0,0,0,0,0,0
737,SCISKILLS02,Science Skills: Generate a research question,0,0,0,0,0,0,0,0,0,0,0
738,SCISKILLS03,Science Skills: Determine how to collect appropriate data,0,0,0,0,0,0,0,0,0,0,0
739,SCISKILLS04,Science Skills: Explain the results of a study,0,0,0,0,0,0,0,0,0,0,0
740,SCISKILLS05,Science Skills: Use scientific literature to guide research,0,0,0,0,0,0,0,0,0,0,0
741,SCISKILLS06,Science Skills: Integrate results from multiple studies,0,0,0,0,0,0,0,0,0,0,0
742,SCISKILLS07,Science Skills: Ask relevant questions,0,0,0,0,0,0,0,0,0,0,0
743,SCISKILLS08,Science Skills: Identify what is known and not known about a problem,0,0,0,0,0,0,0,0,0,0,0
744,SCISKILLS09,Science Skills: Understand scientific concepts,0,0,0,0,0,0,0,0,0,0,0
745,SCISKILLS10,Science Skills: See connections between different areas of science and mathematics,0,0,0,0,0,0,0,0,0,0,0
746,SEXHARASS,"Since entering college, have you been made aware of this college's sexual harrassment reporting policy?",0,0,0,0,0,0,0,0,0,0,0
747,SLFABL01,Ability: Leadership abilities,0,0,0,0,0,0,0,0,0,0,0
748,SLFABL02,Ability: Ability to get along with people of different races/cultures,0,0,0,0,0,0,0,0,0,0,0
749,SLFABL03,Ability: Ability to manage your time effectively,0,0,0,0,0,0,0,0,0,0,0
750,SLFABL14,Ability: Critical thinking skills,0,0,0,0,0,0,0,0,0,0,0
751,SLFABL16,Ability: Foreign language ability,0,0,0,0,0,0,0,0,0,0,0
752,SLFABL17,Ability: General knowledge,0,0,0,0,0,0,0,0,0,0,0
753,SLFABL18,Ability: Interpersonal skills,0,0,0,0,0,0,0,0,0,0,0
754,SLFABL19,Ability: Knowledge of a particular field or discipline,0,0,0,0,0,0,0,0,0,0,0
755,SLFABL20,Ability: Knowledge of people from different races/cultures,0,0,0,0,0,0,0,0,0,0,0
756,SLFABL25,Ability: Preparedness for employment after college,0,0,0,0,0,0,0,0,0,0,0
757,SLFABL26,Ability: Preparedness for graduate or advanced education,0,0,0,0,0,0,0,0,0,0,0
758,SLFABL27,Ability: Problem-solving skills,0,0,0,0,0,0,0,0,0,0,0
759,SLFABL32,Ability: Understanding of global issues,0,0,0,0,0,0,0,0,0,0,0
760,SLFABL33,Ability: Understanding of national issues,0,0,0,0,0,0,0,0,0,0,0
761,SLFABL35,Ability: Understanding of the problems facing your community,0,0,0,0,0,0,0,0,0,0,0
762,SLFABL37,Ability: Ability to conduct research,0,0,0,0,0,0,0,0,0,0,0
763,SLFABL38,Ability: Ability to work as part of a team,0,0,0,0,0,0,0,0,0,0,0
764,SLFCHG01,Change: Ability to get along with people of different races/cultures,1,1,1,1,1,1,1,1,1,1,1
765,SLFCHG02,Change: Ability to influence others,0,0,0,0,0,0,0,0,0,0,0
766,SLFCHG03,Change: Ability to manage your time effectively,0,0,0,0,0,0,0,0,0,0,0
767,SLFCHG04,Change: Ability to think critically,1,1,1,1,1,1,1,1,1,1,1
768,SLFCHG05,Change: Ability to work cooperatively,0,0,0,1,1,1,1,1,1,1,1
769,SLFCHG06,Change: Ability to work independently,0,0,0,0,0,0,0,0,0,0,0
770,SLFCHG07,Change: Acceptance of people from different races/cultures,0,0,0,0,0,0,0,0,0,0,0
771,SLFCHG08,Change: Analytical and problem-solving skills,1,1,1,1,1,1,1,1,1,1,1
772,SLFCHG09,Change: Commitment to serving your community,0,0,0,0,0,0,0,0,0,0,1
773,SLFCHG10,Change: Competitiveness,0,0,0,0,0,0,0,0,0,0,0
774,SLFCHG11,Change: Computer skills,1,1,1,1,1,1,1,0,0,0,0
775,SLFCHG12,Change: Confidence in academic abilities,0,0,0,0,0,0,0,0,0,0,0
776,SLFCHG13,Change: Conflict resolution skills,0,0,0,0,0,0,0,0,0,0,1
777,SLFCHG14,Change: Critical thinking skills,0,0,0,0,0,0,0,0,0,0,0
778,SLFCHG15,Change: Cultural awareness and appreciation,0,0,0,0,0,0,0,0,0,0,0
779,SLFCHG16,Change: Foreign language ability,1,1,1,1,1,1,1,1,1,1,1
780,SLFCHG17,Change: General knowledge,1,1,1,1,1,1,1,1,1,1,1
781,SLFCHG18,Change: Interpersonal skills,1,1,1,1,1,1,1,1,1,1,1
782,SLFCHG19,Change: Knowledge of a particular field or discipline,1,1,1,1,1,1,1,1,1,1,1
783,SLFCHG20,Change: knowledge of people from different races/cultures,1,1,1,1,1,1,1,1,1,1,1
784,SLFCHG21,Change: Leadership abilities,1,1,1,1,1,1,1,1,1,1,1
785,SLFCHG22,Change: Mathematical skills,1,1,1,1,1,1,1,1,1,1,1
786,SLFCHG23,Change: Preparation for future career,0,0,0,0,0,0,0,0,0,0,1
787,SLFCHG24,Change: Preparation for graduate or professional school,0,0,0,0,0,0,0,0,0,0,1
788,SLFCHG25,Change: Preparedness for employment after college,0,0,0,0,0,0,0,0,0,0,0
789,SLFCHG26,Change: Preparedness for graduate or advanced education,0,0,0,0,0,0,0,0,0,0,0
790,SLFCHG27,Change: Problem-solving skills,0,0,0,0,0,0,0,0,0,0,0
791,SLFCHG28,Change: Public speaking ability,1,1,1,1,1,1,1,1,1,1,1
792,SLFCHG29,Change: Reading speed and comprehension,0,0,0,1,1,1,1,1,1,1,1
793,SLFCHG30,Change: Religious beliefs and convictions,0,1,1,1,1,1,1,1,1,1,1
794,SLFCHG31,Change: Tolerance of persons with different beliefs,0,0,0,0,0,0,0,0,0,0,0
795,SLFCHG32,Change: Understanding of global issues,1,1,1,0,0,0,0,0,0,0,0
796,SLFCHG33,Change: Understanding of national issues,0,0,0,0,0,0,0,0,0,0,0
797,SLFCHG34,Change: Understanding of social problems facing our nation,1,1,1,1,1,1,1,1,1,1,1
798,SLFCHG35,Change: Understanding of the problems facing your community,1,1,1,1,1,1,1,1,1,1,1
799,SLFCHG36,Change: Writing skills,1,1,1,1,1,1,1,1,1,1,1
800,STAFFPRV01,Staff Provide: Encouragement to pursue graduate/professional study,0,0,0,0,0,0,1,0,0,0,0
801,STAFFPRV02,Staff Provide: An opportunity to work on a research project,0,0,0,0,0,0,1,0,0,0,0
802,STAFFPRV03,Staff Provide: Advice and guidance about your educational program,0,0,0,0,0,0,1,0,0,0,0
803,STAFFPRV04,Staff Provide: Respect (treated you like a colleague/peer),0,0,0,0,0,0,1,0,0,0,0
804,STAFFPRV05,Staff Provide: An opportunity to publish,0,0,0,0,0,0,1,0,0,0,0
805,STAFFPRV06,Staff Provide: Emotional support and encouragement,0,0,0,0,0,0,1,0,0,0,0
806,STAFFPRV07,Staff Provide: A letter of recommendation,0,0,0,0,0,0,1,0,0,0,0
807,STAFFPRV08,Staff Provide: Assistance to improve your study skills,0,0,0,0,0,0,1,0,0,0,0
808,STAFFPRV09,Staff Provide: Honest feedback about your skills and abilities,0,0,0,0,0,0,1,0,0,0,0
809,STAFFPRV10,Staff Provide: Intellectual challenge and stimulation,0,0,0,0,0,0,1,0,0,0,0
810,STAFFPRV11,Staff Provide: Help in achieving your professional goals,0,0,0,0,0,0,1,0,0,0,0
811,STAFFPRV12,Staff Provide: An opportunity to discuss coursework outside of class,0,0,0,0,0,0,1,0,0,0,0
812,STDGENDER,"Study: If you are in school, how many of the people you study with are of your same gender",0,0,0,0,0,0,0,0,0,1,0
813,STDMAJOR,"Study: If you are in school, how many of the people you study with are of your same major or field of interest",0,0,0,0,0,0,0,0,0,1,0
814,STDRACE,"Study: If you are in school, how many of the people you study with are of your same ethnicity or race",0,0,0,0,0,0,0,0,0,1,0
815,SUCCSES1,Success: Adjusting to academic demands of college,1,1,1,0,0,0,0,0,0,0,0
816,SUCCSES2,Success: Developing close friendships with other students,1,1,1,0,0,0,0,0,0,0,0
817,SUCCSES3,Success: Developing effective study skills,1,1,1,0,0,0,0,0,0,0,0
818,SUCCSES4,Success: Getting to know faculty,1,1,1,0,0,0,0,0,0,0,0
819,SUCCSES5,Success: Managing your time effectively,1,1,1,0,0,0,0,0,0,0,0
820,SUCCSES6,Success: Understanding what your professors expect of you academically,1,1,1,0,0,0,0,0,0,0,0
821,SUCCSES7,Success: Utilizing campus services available to students,1,1,1,0,0,0,0,0,0,0,0
822,TFSYEAR,TFS Year,0,0,0,0,0,0,0,0,0,0,0
823,TIMEOFF,"Since entering college as a freshman, have you taken a leave of absence, withdrawn from school, or transferred?",0,0,0,0,0,0,0,0,0,0,0
824,TIMEOFF01,Time off: Wanted to reconsider goals and interests,0,0,0,0,0,0,0,0,0,0,0
825,TIMEOFF02,Time off: Changed my career plans,0,0,0,0,0,0,0,0,0,0,0
826,TIMEOFF03,Time off: Wanted practical experience,0,0,0,0,0,0,0,0,0,0,0
827,TIMEOFF04,Time off: Didn't feel like I 'fit in' at my first college,0,0,0,0,0,0,0,0,0,0,0
828,TIMEOFF05,Time off: Was bored with my course work,0,0,0,0,0,0,0,0,0,0,0
829,TIMEOFF06,Time off: Wanted to go to a school with a better academic reputation,0,0,0,0,0,0,0,0,0,0,0
830,TIMEOFF07,Time off: Wanted a better social life,0,0,0,0,0,0,0,0,0,0,0
831,TIMEOFF08,Time off: Wanted to be closer to home,0,0,0,0,0,0,0,0,0,0,0
832,TIMEOFF09,Time off: Had a good job offer,0,0,0,0,0,0,0,0,0,0,0
833,TIMEOFF10,Time off: Wasn't doing as well academically as I had expected,0,0,0,0,0,0,0,0,0,0,0
834,TIMEOFF11,Time off: Family Responsibilities,0,0,0,0,0,0,0,0,0,0,0
835,TIMEOFF12,Time off: Tired of being a student,0,0,0,0,0,0,0,0,0,0,0
836,TIMEOFF13,Time off: Had money problems and could no longer afford to attend college,0,0,0,0,0,0,0,0,0,0,0
837,TIMEOFF14,Time off: Wanted to go to a school that offered a wider selection of courses or more major field choices,0,0,0,0,0,0,0,0,0,0,0
838,TRANSGENDER,Do you identify as transgender?,0,0,0,0,0,0,0,0,0,0,0
839,VIEW01,View: A national health care plan is needed to cover everybody's medical costs,0,0,0,0,1,1,1,1,1,1,1
840,VIEW02,View: Abortion should be legal,1,1,1,1,1,1,1,1,1,1,1
841,VIEW03,View: Addressing global climate change should be a federal priority,0,0,0,0,0,0,0,0,0,0,0
842,VIEW04,View: Affirmative action in college admissions should be abolished,1,1,1,1,1,1,1,0,0,0,0
843,VIEW05,View: All federal and state documents should be printed in English only,0,0,0,1,0,1,0,0,0,0,0
844,VIEW06,View: Busing is OK if it helps to achieve racial balance in the schools,0,0,0,0,0,0,0,0,0,1,0
845,VIEW07,View: Classes are more interesting if they include students from different racial/ethnic backgrounds,0,0,0,0,0,0,1,0,0,0,0
846,VIEW08,View: Colleges have the right to ban extreme speakers from campus,0,0,0,0,0,0,0,0,0,0,0
847,VIEW09,View: Colleges should prohibit racist/sexist speech on campus,1,1,1,1,1,1,1,1,1,1,1
848,VIEW10,View: Colleges would be improved if organized sports were de-emphasized,0,0,0,0,0,0,0,1,0,0,0
849,VIEW11,View: Dissent is a critical component of the political process,0,0,0,0,0,0,0,0,0,0,0
850,VIEW12,View: Employers should be allowed to require drug testing of employees or job applicants,0,0,0,0,0,0,1,1,1,1,0
851,VIEW13,View: Federal military spending should be increased,1,1,1,1,0,0,0,0,1,1,0
852,VIEW14,View: Gender should be used as a factor in college admissions,0,0,0,0,0,0,0,0,1,0,0
853,VIEW15,View: Grading in college has become too easy,0,0,0,0,0,0,0,0,1,1,0
854,VIEW16,"View: If two people really like each other, it's all right for them to have sex even if they've known each other for only a very short time",1,1,1,1,1,1,1,1,1,1,0
855,VIEW17,View: It is important to have laws prohibiting homosexual relationships,1,1,1,1,1,1,1,1,1,1,1
856,VIEW18,View: Just because a man feels a woman has 'led him on' does not entitle him to have sex with her,0,0,0,0,1,0,1,1,1,1,1
857,VIEW19,View: Marijuana should be legalized,1,1,1,1,1,1,1,1,1,1,1
858,VIEW20,View: Material on the internet should be regulated by the government,0,0,1,1,0,0,1,0,0,0,0
859,VIEW21,View: People have the right to know about the personal lives of public figures,0,1,0,0,0,0,0,0,0,0,0
860,VIEW22,View: People should not obey laws which violate their personal values,0,0,0,0,0,0,1,1,0,0,0
861,VIEW23,View: Race/ethnicity should be used as a factor in college admissions,0,0,0,0,0,0,0,1,1,0,0
862,VIEW24,View: Racial discrimination is no longer a major problem in America,1,1,1,1,1,1,1,1,1,1,1
863,VIEW25,"View: Realistically, an individual can do little to bring about changes in our society",1,1,1,1,1,1,1,1,1,1,1
864,VIEW26,View: Same sex couples should have the right to legal marital status,1,1,1,1,1,0,0,0,0,0,0
865,VIEW27,View: Student publications should be cleared by college officials,0,0,0,0,0,0,0,0,1,1,0
866,VIEW28,View: Students from disadvantaged social backgrounds should be given preferential treatment in college admissions,0,0,0,0,0,0,0,0,0,1,0
867,VIEW29,View: The activities of married women are best confined to the home and family,1,1,1,1,1,1,1,1,1,1,1
868,VIEW30,"View: The best way to control AIDS is through widespread, mandatory testing",0,0,0,0,0,0,0,1,0,1,0
869,VIEW31,View: The chief benefit of a college education is that it increases one's earning power,0,0,0,0,0,0,0,0,1,1,1
870,VIEW32,View: The death penalty should be abolished,1,1,1,1,1,1,1,1,1,1,1
871,VIEW33,View: The Federal government is not doing enough to control environment pollution,0,0,0,0,1,1,1,1,0,1,1
872,VIEW34,View: The Federal government is not doing enough to protect the consumer from faulty goods and services,0,0,0,0,0,0,0,1,0,1,1
873,VIEW35,View: The federal government should do more to control the sale of handguns,1,1,1,1,1,0,1,1,1,1,1
874,VIEW36,View: The federal government should do more to discourage energy consumption,0,0,0,0,0,0,0,1,0,1,0
875,VIEW37,View: The federal government should do more to encourage energy conservation,0,0,0,0,0,0,0,0,0,0,0
876,VIEW38,View: The federal government should raise taxes to reduce the deficit,1,0,0,0,0,0,0,1,1,1,1
877,VIEW39,View: There is too much concern in the courts for the right of criminals,1,1,1,1,1,0,1,1,1,0,1
878,VIEW40,View: Through hard work everybody can succeed in American society,0,0,0,0,0,0,0,0,0,0,0
879,VIEW41,View: Undocumented immigrants should be denied access to public education,0,0,0,0,0,0,0,0,0,0,0
880,VIEW42,View: Wealthy people should pay a larger share of taxes than they do now,1,1,1,1,1,1,1,1,1,1,0
881,VIEW43,View: Western civilization and culture should be the foundation of the undergraduate curriculum,0,0,1,0,0,0,0,0,0,0,0
882,VIEW44,View: Gays and lesbians should have the legal right to adopt a child,0,0,0,0,0,0,0,0,0,0,0
883,VIEW45,View: Only volunteers should serve in the armed forces,0,0,0,0,0,0,0,0,0,0,0
884,VIEW46,"View: Sexual activity that occurs without the presence of explicit, affirmative consent (i.e., ""yes means yes"") is considered sexual assault",0,0,0,0,0,0,0,0,0,0,0
885,VIEW47,View: Women should receive the same salary and opportunities for advancement as men in comparable positions,0,0,0,0,0,0,0,0,0,0,0
886,VIEW48,View: The United States should intervene in the wars of other countries,0,0,0,0,0,0,0,0,0,0,0
887,VIEW49,"View: There is little that a person can do to be better at math - you are either ""good"" or ""bad"" at math",0,0,0,0,0,0,0,0,0,0,0
888,VIEW50,View: Intelligence is something that can be improved by studying or working harder,0,0,0,0,0,0,0,0,0,0,0
889,VIEW51,View: The federal government should have stricter gun control laws,0,0,0,0,0,0,0,0,0,0,0
890,VIEW52,View: The U.S. economy is stronger now than when I started college,0,0,0,0,0,0,0,0,0,0,0
891,VOTE,Are you registered to vote?,0,0,0,0,0,0,0,0,0,0,0
892,WRKGENDER,"Work: If you are employed, how many of the people you work with are of your same gender",0,0,0,0,0,0,0,0,0,1,0
893,WRKMAJOR,"Work: If you are employed, how many of the people you work with are of your same major or field of interest",0,0,0,0,0,0,0,0,0,1,0
894,WRKRACE,"Work: If you are employed, how many of the people you work with are of your same ethnicity or race",0,0,0,0,0,0,0,0,0,1,0
895,CMPSAT01_0506,Campus Satisfaction: Amount of contact with faculty,1,0,0,0,0,0,0,0,0,0,0
896,CMPSAT02_0506,Campus Satisfaction: Availability of campus social activities,1,0,0,0,0,0,0,0,0,0,0
897,CMPSAT03_0506,Campus Satisfaction: Class size,1,0,0,0,0,0,0,0,0,0,0
898,CMPSAT04_0506,Campus Satisfaction: Courses in your major field,1,0,0,0,0,0,0,0,0,0,0
899,CMPSAT05_0506,Campus Satisfaction: Interaction with other students,1,0,0,0,0,0,0,0,0,0,0
900,CMPSAT06_0506,Campus Satisfaction: Overall college experience,1,0,0,0,0,0,0,0,0,0,0
901,CMPSAT07_0506,Campus Satisfaction: Overall quality of instruction,1,0,0,0,0,0,0,0,0,0,0
902,CMPSAT08_0506,Campus Satisfaction: Overall sense of community among students,1,0,0,0,0,0,0,0,0,0,0
903,CMPSAT09_0506,Campus Satisfaction: Relevance of coursework to everyday life,1,0,0,0,0,0,0,0,0,0,0
904,CMPSAT10_0506,Campus Satisfaction: Relevance of coursework to future career plans,1,0,0,0,0,0,0,0,0,0,0
905,CMPSAT11_0506,Campus Satisfaction: Respect for the expression of diverse beliefs,0,0,0,0,0,0,0,0,0,0,0
906,COLACT01_9406,Act in College: Attended a drug/alcohol awareness workshop,0,0,0,0,0,0,0,1,1,0,0
907,COLACT02_9406,Act in College: Attended racial/cultural awareness workshop,1,1,1,1,1,1,1,1,1,1,1
908,COLACT03_9406,Act in College: Attended a rape awareness workshop,0,0,0,0,0,0,0,1,1,0,0
909,COLACT04_9406,Act in College: Been elected to student office,0,0,0,1,1,1,1,1,1,1,0
910,COLACT05_9406,Act in College: Enrolled in a women's studies course,0,0,0,0,0,0,0,0,0,1,1
911,COLACT06_9406,Act in College: Enrolled in an ethnic studies course,0,0,0,0,0,0,0,0,0,1,1
912,COLACT07_9406,Act in College: Enrolled in honors or advanced courses,1,1,1,1,1,1,1,1,1,1,0
913,COLACT08_9406,Act in College: Failed One or More Courses,1,1,1,1,1,1,0,0,0,0,0
914,COLACT09_9406,Act in College: Felt fearful about your safety because of world events,1,0,0,0,0,0,0,0,0,0,0
915,COLACT10_9406,Act in College: Gotten married,0,0,0,0,1,1,1,1,1,1,1
916,COLACT11_9406,Act in College: Had a part-time job off-campus,0,1,1,1,1,1,1,1,1,1,1
917,COLACT12_9406,Act in College: Had a part-time job on campus,0,1,1,1,1,1,1,1,1,1,1
918,COLACT13_9406,Act in College: Had a roommate of different race/ethnicity,1,1,1,1,1,1,1,1,0,0,0
919,COLACT14_9406,Act in College: Joined a fraternity or sorority,1,1,1,1,1,1,1,1,1,1,1
920,COLACT15_9406,Act in College: Participated in college internship program,0,0,0,0,0,0,0,0,0,0,1
921,COLACT16_9406,Act in College: Participated in study abroad program,1,1,1,0,0,0,0,0,0,0,1
922,COLACT17_9406,Act in College: Participated in an ethnic/racial student organization,1,1,1,1,1,1,1,1,1,1,1
923,COLACT18_9406,Act in College: Participated In an internship program,1,1,1,1,1,1,1,1,1,0,0
924,COLACT19_9406,Act in College: Participated in campus protests,0,0,0,0,0,0,0,0,1,1,1
925,COLACT20_9406,Act in College: Participated in intercollegiate football or basketball,0,0,1,1,1,1,1,1,1,1,1
926,COLACT21_9406,Act in College: Participated in leadership training,1,1,1,1,1,1,1,1,1,0,0
927,COLACT22_9406,Act in College: Participated in other intercollegiate sport,0,0,1,1,1,1,1,1,1,1,1
928,COLACT23_9406,Act in College: Participated in student government,1,1,1,1,1,1,1,1,1,1,1
929,COLACT24_9406,Act in College: Played varsity/intercollegiate athletics,1,1,0,0,0,0,0,0,0,0,0
930,COLACT25_9406,Act in College: Served as a resident advisor,0,0,0,0,0,0,0,0,0,0,0
931,COLACT26_9406,Act in College: Taken a leave of absence,1,1,1,1,1,1,1,1,1,1,0
932,COLACT27_9406,Act in College: Taken a remedial course,1,1,1,1,1,1,1,1,1,0,0
933,COLACT28_9406,Act in College: Taken a women's studies course,1,1,1,1,1,1,1,1,1,0,0
934,COLACT29_9406,Act in College: Taken an ethnic studies course,1,1,1,1,1,1,1,1,1,0,0
935,COLACT30_9406,Act in College: Taken remedial or developmental classes,0,0,0,0,0,0,0,0,0,1,1
936,COLACT31_9406,Act in College: Took a leave of absence,0,0,0,0,0,0,0,0,0,0,1
937,COLACT32_9406,Act in College: Transferred from a Community College,1,1,1,1,0,0,0,0,0,0,0
938,COLACT33_9406,Act in College: Transferred from a Four-year College,1,1,1,1,0,0,0,0,0,0,0
939,COLACT34_9406,Act in College: Transferred from another college,0,0,0,0,1,1,1,1,1,1,1
940,COLACT35_9406,Act in College: Tutored another student,0,0,0,0,1,1,1,1,1,1,0
941,COLACT36_9406,Act in College: Voted in a state/national election,0,0,0,0,0,0,0,1,1,1,1
942,COLACT37_9406,Act in College: Withdrew from school,1,1,1,1,1,1,1,1,1,1,1
943,COLACT38_9406,Act in College: Withdrew from school permanently,0,0,0,0,0,0,0,0,0,0,0
944,COLACT39_9406,Act in College: Withdrew from school temporarily,0,0,0,0,0,0,0,0,0,0,0
945,COLACT40_9406,Act in College: Worked full-time while attending school,1,1,1,1,1,1,1,1,1,1,1
946,COLACT41_9406,Act in College: Worked on prof's research project,0,0,0,0,0,0,0,0,0,0,1
947,CSVACT01_95,CSV Act: Tutoring/teaching,0,0,0,0,0,0,0,0,0,0,1
948,CSVACT02_95,CSV Act: Planning curriculum or policy,0,0,0,0,0,0,0,0,0,0,1
949,CSVACT03_95,CSV Act: Educational counseling/mentoring,0,0,0,0,0,0,0,0,0,0,1
950,CSVACT04_95,CSV Act: Other education,0,0,0,0,0,0,0,0,0,0,1
951,CSVACT05_95,CSV Act: Providing health education,0,0,0,0,0,0,0,0,0,0,1
952,CSVACT06_95,CSV Act: Providing medical/health services,0,0,0,0,0,0,0,0,0,0,1
953,CSVACT07_95,CSV Act: Personal counseling/mentoring,0,0,0,0,0,0,0,0,0,0,1
954,CSVACT08_95,CSV Act: Providing childcare,0,0,0,0,0,0,0,0,0,0,1
955,CSVACT09_95,CSV Act: Providing homeless/shelter support,0,0,0,0,0,0,0,0,0,0,1
956,CSVACT1_0102,CSV Act: How often did the professor encourage class discussions,0,0,0,1,1,0,0,0,0,0,0
957,CSVACT1_98,CSV Act: Tutoring/teaching,0,0,0,0,0,0,0,1,0,0,0
958,CSVACT10_95,CSV Act: Crime prevention,0,0,0,0,0,0,0,0,0,0,1
959,CSVACT11_95,CSV Act: Conflict mediation training,0,0,0,0,0,0,0,0,0,0,1
960,CSVACT12_95,CSV Act: Substance abuse awareness/counseling,0,0,0,0,0,0,0,0,0,0,1
961,CSVACT13_95,CSV Act: Teaching environmental awareness,0,0,0,0,0,0,0,0,0,0,1
962,CSVACT14_95,CSV Act: Community cleanup/rebuilding,0,0,0,0,0,0,0,0,0,0,1
963,CSVACT15_95,CSV Act: Conservation activities,0,0,0,0,0,0,0,0,0,0,1
964,CSVACT16_95,CSV Act: Other,0,0,0,0,0,0,0,0,0,0,1
965,CSVACT2_0102,CSV Act: How often did the professor deliver lectures,0,0,0,1,1,0,0,0,0,0,0
966,CSVACT2_98,CSV Act: Educational counseling/mentoring,0,0,0,0,0,0,0,1,0,0,0
967,CSVACT3_0102,CSV Act: How often did the professor connect the service experience to the course material,0,0,0,1,1,0,0,0,0,0,0
968,CSVACT3_98,CSV Act: Personal counseling/mentoring,0,0,0,0,0,0,0,1,0,0,0
969,CSVACT4_0102,CSV Act: How often did the professor require written reflections of your service experience,0,0,0,1,1,0,0,0,0,0,0
970,CSVACT4_98,CSV Act: Providing childcare,0,0,0,0,0,0,0,1,0,0,0
971,CSVACT5_0102,CSV Act: How often did you apply the course material to your service work,0,0,0,1,1,0,0,0,0,0,0
972,CSVACT5_98,CSV Act: Providing homeless/shelter support,0,0,0,0,0,0,0,1,0,0,0
973,CSVACT6_0102,CSV Act: How often did you feel that the service experience increased your understanding of the academic course material,0,0,0,1,1,0,0,0,0,0,0
974,CSVACT6_98,"CSV Act: Public safety (e.g., crime prevention)",0,0,0,0,0,0,0,1,0,0,0
975,CSVACT7_0102,CSV Act: How often did you feel that your service made a difference,0,0,0,1,1,0,0,0,0,0,0
976,CSVACT7_98,CSV Act: Community cleanup/rebuilding,0,0,0,0,0,0,0,1,0,0,0
977,CSVACT8_98,"CSV Act: Conservation activities (e.g., recycling)",0,0,0,0,0,0,0,1,0,0,0
978,CSVACT9_98,CSV Act: Other community service,0,0,0,0,0,0,0,1,0,0,0
979,CSVLOC1_97,Service Location: As part of a class or course,0,0,0,0,0,0,0,0,1,0,0
980,CSVLOC2_97,"Service Location: As part of a collegiate-sponsored activity (sorority, campus org., etc.)",0,0,0,0,0,0,0,0,1,0,0
981,CSVLOC3_97,"Service Location: Independently through a non-collegiate group (church, family, etc.)",0,0,0,0,0,0,0,0,1,0,0
982,ENTERCUR_A,ENTERCUR,0,0,0,0,0,0,0,0,0,0,0
983,PLAN_FLAG,Adjustment/Imputation applied to any value in PLAN01-PLAN11,0,0,0,0,0,0,0,0,0,0,0
984,SATIS01_9406,Satisfaction: Ability to find a faculty or staff mentor,1,1,1,1,1,1,1,1,1,1,1
985,SATIS02_9406,Satisfaction: Academic advising,1,1,1,1,1,1,1,1,1,1,1
986,SATIS03_9406,Satisfaction: Amount of contact with faculty,0,1,1,1,1,1,1,1,1,1,1
987,SATIS04_9406,Satisfaction: Availability of internet access,1,1,1,1,1,1,1,0,0,0,0
988,SATIS05_9406,Satisfaction: Campus health services,1,1,1,1,1,1,1,1,1,1,1
989,SATIS06_9406,Satisfaction: Career counseling and advising,1,1,1,1,1,1,1,1,1,1,1
990,SATIS07_9406,Satisfaction: Class size,0,1,1,1,1,1,1,1,1,1,1
991,SATIS08_9406,Satisfaction: Computer facilities,1,1,1,1,1,1,1,1,1,1,1
992,SATIS09_9406,Satisfaction: Connection with your peers,0,0,0,0,0,1,0,0,0,0,0
993,SATIS10_9406,Satisfaction: Courses in your major field,0,1,1,1,1,1,1,1,1,1,1
994,SATIS11_9406,Satisfaction: Ethnic/racial diversity of faculty,0,0,0,0,0,0,0,1,1,0,0
995,SATIS12_9406,Satisfaction: Ethnic/racial diversity of students,0,0,0,0,0,0,0,1,1,1,1
996,SATIS13_9406,Satisfaction: Financial aid services,1,1,1,1,1,1,1,1,1,1,1
997,SATIS14_9406,Satisfaction: General education or core curriculum courses,1,1,1,1,1,1,1,0,0,0,0
998,SATIS15_9406,Satisfaction: Humanities courses,1,1,1,1,1,1,1,1,1,1,1
999,SATIS16_9406,Satisfaction: Institutional support of racial/cultural differences,0,0,0,0,0,0,0,0,0,0,1
1000,SATIS17_9406,Satisfaction: Interaction with other students,0,1,1,1,1,1,1,1,1,1,1
1001,SATIS18_9406,Satisfaction: Job placement services for students,1,1,1,1,1,1,1,1,1,1,1
1002,SATIS19_9406,Satisfaction: Laboratory facilities and equipment,1,1,1,1,1,1,1,1,1,1,1
1003,SATIS20_9406,Satisfaction: Leadership opportunities,1,1,1,1,1,1,1,1,1,1,1
1004,SATIS21_9406,Satisfaction: Library facilities,1,1,1,1,1,1,1,1,1,1,1
1005,SATIS22_9406,Satisfaction: Opportunities for community service,1,1,1,1,1,1,1,1,1,1,1
1006,SATIS23_9406,Satisfaction: Opportunities to attend films/concerts,0,0,0,0,0,0,0,0,0,0,0
1007,SATIS24_9406,Satisfaction: Opportunities to discuss coursework outside of class with professors,0,0,0,0,0,0,0,0,0,0,1
1008,SATIS25_9406,Satisfaction: Opportunities to participate in extracurricular activities,0,0,0,0,0,0,0,0,0,0,1
1009,SATIS26_9406,Satisfaction: Opportunities to take interdisciplinary courses,0,0,0,0,0,0,0,0,0,0,1
1010,SATIS27_9406,Satisfaction: Overall college experience,0,1,1,1,1,1,1,1,1,1,1
1011,SATIS28_9406,Satisfaction: Overall quality of instruction,0,1,1,1,1,1,1,1,1,1,1
1012,SATIS29_9406,Satisfaction: Quality of computer training/assistance,1,1,1,1,1,1,1,0,0,0,0
1013,SATIS30_9406,Satisfaction: Recreational facilities,1,1,1,1,1,1,1,1,1,1,0
1014,SATIS31_9406,Satisfaction: Relevance of coursework to everyday life,0,1,1,1,1,1,1,1,1,1,1
1015,SATIS32_9406,Satisfaction: Science and mathematics courses,1,1,1,1,1,1,1,1,1,1,1
1016,SATIS33_9406,Satisfaction: Sense of community on campus,0,1,1,1,1,1,1,1,1,1,1
1017,SATIS34_9406,Satisfaction: Social science courses,1,1,1,1,1,1,1,1,1,1,1
1018,SATIS35_9406,Satisfaction: Student housing,1,1,1,1,1,1,1,1,1,1,1
1019,SATIS36_9406,Satisfaction: Tutorial help or other academic assistance,1,1,1,1,1,1,1,1,1,1,1
1020,HABITS_OF_MIND_GRP,CSS Habits of Mind Group,1,1,1,1,1,1,1,1,1,1,1
1021,ACAD_DISENGAGEMENT_GRP,CSS Academic Disengagement Group,0,0,0,0,0,0,0,0,0,0,0
1022,FAC_INTERACTION_GRP,CSS Student-Faculty Interaction Group,1,1,1,1,1,1,0,0,0,0,0
1023,SATIS_COURSES_GRP,CSS Satisfaction with Courses Group,0,0,0,0,0,0,0,0,0,0,0
1024,SATIS_OVERALL_GRP,CSS Overall Satisfaction Group,0,0,0,0,0,0,0,0,0,0,0
1025,SENSE_BELONG_GRP,CSS Sense of Belong Group,0,0,0,0,0,0,0,0,0,0,0
1026,ACADEMIC_SELFCONCEPT_GRP,CSS Academic Self-Concept Group,1,1,1,1,1,1,1,1,1,1,1
1027,SOCIAL_SELFCONCEPT_GRP,CSS Social Self-Concept Group,1,1,1,1,1,1,1,1,1,1,1
1028,PLURALISTIC_ORIENTATION_GRP,CSS Pluralistic Orientation Group,0,0,0,0,0,0,0,0,0,0,0
1029,CRI_POSITIVE_GRP,CSS Positive Cross-Racial Interaction Group,0,0,0,0,0,0,0,0,0,0,0
1030,CRI_NEGATIVE_GRP,CSS Negative Cross-Racial Interaction Group,0,0,0,0,0,0,0,0,0,0,0
1031,SOCIAL_AGENCY_GRP,CSS Social Agency Group,1,1,1,1,1,1,1,1,1,1,0
1032,CIVIC_AWARENESS_GRP,CSS Civic Awareness Group,1,1,1,0,0,0,0,0,0,0,0
1033,LEADERSHIP_GRP,CSS Leadership Group,0,0,0,0,0,0,0,0,0,0,0
1034,CIVIC_ENGAGEMENT_GRP,CSS Civic Engagement Group,0,0,0,0,0,0,0,0,0,0,0
1035,SCIENCE_SELF_EFFICACY,CSS: Science Self-Efficacy,0,0,0,0,0,0,0,0,0,0,0
1036,SCIENCE_SELF_EFFICACY_GRP,CSS: Science Self-Efficacy Group,0,0,0,0,0,0,0,0,0,0,0
1037,SCIENCE_IDENTITY,CSS: Science Identity,0,0,0,0,0,0,0,0,0,0,0
1038,SCIENCE_IDENTITY_GRP,CSS: Science Identity Group,0,0,0,0,0,0,0,0,0,0,0